fold,cell_type,feature,coefficient,abs_coefficient
1,B cell,shannon,-0.6380667080445733,0.6380667080445733
1,B cell,renyi2,-0.7086109149882472,0.7086109149882472
1,B cell,simpson,3.3023055197244005,3.3023055197244005
1,B cell,hhi,-3.3023055197273377,3.3023055197273377
1,B cell,participation,1.1643323436904605,1.1643323436904605
1,B cell,gini,0.699289283194497,0.699289283194497
1,B cell,detected,-0.46504306747583146,0.46504306747583146
1,B cell,program_shannon,-2.8159511444174203,2.8159511444174203
1,B cell,program_renyi2,-0.5051274344120639,0.5051274344120639
1,B cell,program_simpson,0.7546458423839796,0.7546458423839796
1,B cell,program_hhi,-0.7546652458419991,0.7546652458419991
1,B cell,program_participation,1.0230470082490208,1.0230470082490208
1,B cell,program_gini,-1.3135142890356442,1.3135142890356442
1,B cell,program_detected,0.0,0.0
1,B cell,apg_entropy_norm,-0.8085752941297122,0.8085752941297122
1,B cell,apg_cmax,0.07466410639629222,0.07466410639629222
1,B cell,apg_c2,1.2566270065489171,1.2566270065489171
1,B cell,apg_neff,2.2913391055288317,2.2913391055288317
1,B cell,apg_pr,0.9016426752971293,0.9016426752971293
1,B cell,apg_d_2_25,-0.9150182958394694,0.9150182958394694
1,B cell,apg_d_2_5,-1.0171017336139658,1.0171017336139658
1,B cell,apg_d_3_0,-1.187909149134468,1.187909149134468
1,B cell,apg_d_4_0,-1.2566270065528748,1.2566270065528748
1,B cell,apg_d_5_0,-0.7152029776211538,0.7152029776211538
1,B cell,apg_d_6_0,0.6165229583887313,0.6165229583887313
1,B cell,apg_integrated_2_6,-1.0552886501165393,1.0552886501165393
1,B cell,program_apg_entropy_norm,-0.4629463574126656,0.4629463574126656
1,B cell,program_apg_cmax,0.8922038606318555,0.8922038606318555
1,B cell,program_apg_c2,-0.17310436844887445,0.17310436844887445
1,B cell,program_apg_neff,-2.472170594269256,2.472170594269256
1,B cell,program_apg_pr,-0.43949515904371966,0.43949515904371966
1,B cell,program_apg_d_2_25,-0.6344714518295725,0.6344714518295725
1,B cell,program_apg_d_2_5,-0.756503326531921,0.756503326531921
1,B cell,program_apg_d_3_0,-0.7508837728914821,0.7508837728914821
1,B cell,program_apg_d_4_0,0.1731041624876865,0.1731041624876865
1,B cell,program_apg_d_5_0,1.5964312730126933,1.5964312730126933
1,B cell,program_apg_d_6_0,2.9353510008542756,2.9353510008542756
1,B cell,program_apg_integrated_2_6,1.003087051176034,1.003087051176034
1,CD14 monocyte,shannon,1.8744467589916411,1.8744467589916411
1,CD14 monocyte,renyi2,1.5203023458214153,1.5203023458214153
1,CD14 monocyte,simpson,-1.713415901009963,1.713415901009963
1,CD14 monocyte,hhi,1.7134159010091785,1.7134159010091785
1,CD14 monocyte,participation,-0.03582590182727988,0.03582590182727988
1,CD14 monocyte,gini,0.9970987998102715,0.9970987998102715
1,CD14 monocyte,detected,-0.21000841372042917,0.21000841372042917
1,CD14 monocyte,program_shannon,0.3032441574226111,0.3032441574226111
1,CD14 monocyte,program_renyi2,1.3103054733921846,1.3103054733921846
1,CD14 monocyte,program_simpson,0.271970453855603,0.271970453855603
1,CD14 monocyte,program_hhi,-0.2719600036355838,0.2719600036355838
1,CD14 monocyte,program_participation,-0.9589178331929664,0.9589178331929664
1,CD14 monocyte,program_gini,0.7534896674593371,0.7534896674593371
1,CD14 monocyte,program_detected,0.0,0.0
1,CD14 monocyte,apg_entropy_norm,0.7145589960476396,0.7145589960476396
1,CD14 monocyte,apg_cmax,-1.067126273649511,1.067126273649511
1,CD14 monocyte,apg_c2,1.3564514308806743,1.3564514308806743
1,CD14 monocyte,apg_neff,-0.08277007209216096,0.08277007209216096
1,CD14 monocyte,apg_pr,-1.0219118505076743,1.0219118505076743
1,CD14 monocyte,apg_d_2_25,0.3478085515794385,0.3478085515794385
1,CD14 monocyte,apg_d_2_5,-0.03976572366532338,0.03976572366532338
1,CD14 monocyte,apg_d_3_0,-0.762963852027327,0.762963852027327
1,CD14 monocyte,apg_d_4_0,-1.3564514308775228,1.3564514308775228
1,CD14 monocyte,apg_d_5_0,-0.17052131773382231,0.17052131773382231
1,CD14 monocyte,apg_d_6_0,2.663848942124923,2.663848942124923
1,CD14 monocyte,apg_integrated_2_6,-0.22536393988147288,0.22536393988147288
1,CD14 monocyte,program_apg_entropy_norm,0.3769318342773745,0.3769318342773745
1,CD14 monocyte,program_apg_cmax,0.9078436795208119,0.9078436795208119
1,CD14 monocyte,program_apg_c2,-0.24313920517318147,0.24313920517318147
1,CD14 monocyte,program_apg_neff,0.2591340258768943,0.2591340258768943
1,CD14 monocyte,program_apg_pr,0.9985006014408542,0.9985006014408542
1,CD14 monocyte,program_apg_d_2_25,0.21451252745709193,0.21451252745709193
1,CD14 monocyte,program_apg_d_2_5,0.14170004732407443,0.14170004732407443
1,CD14 monocyte,program_apg_d_3_0,0.16253622810222113,0.16253622810222113
1,CD14 monocyte,program_apg_d_4_0,0.24313921221251752,0.24313921221251752
1,CD14 monocyte,program_apg_d_5_0,-0.1150809119867765,0.1150809119867765
1,CD14 monocyte,program_apg_d_6_0,-0.9164306101972846,0.9164306101972846
1,CD14 monocyte,program_apg_integrated_2_6,-0.11099931338550609,0.11099931338550609
1,CD4 T,shannon,0.8409025002825841,0.8409025002825841
1,CD4 T,renyi2,0.7409319631488048,0.7409319631488048
1,CD4 T,simpson,0.5544454918815876,0.5544454918815876
1,CD4 T,hhi,-0.5544454918824626,0.5544454918824626
1,CD4 T,participation,-0.06329507566790783,0.06329507566790783
1,CD4 T,gini,0.415767146820348,0.415767146820348
1,CD4 T,detected,-0.6546287204805615,0.6546287204805615
1,CD4 T,program_shannon,1.339443002494615,1.339443002494615
1,CD4 T,program_renyi2,-0.20164666539778037,0.20164666539778037
1,CD4 T,program_simpson,-0.21801542864128146,0.21801542864128146
1,CD4 T,program_hhi,0.21801678166366076,0.21801678166366076
1,CD4 T,program_participation,0.1755057670038772,0.1755057670038772
1,CD4 T,program_gini,1.53700661332401,1.53700661332401
1,CD4 T,program_detected,0.0,0.0
1,CD4 T,apg_entropy_norm,0.4526492215361969,0.4526492215361969
1,CD4 T,apg_cmax,0.015189060842032538,0.015189060842032538
1,CD4 T,apg_c2,0.706164058140907,0.706164058140907
1,CD4 T,apg_neff,0.3221647311811397,0.3221647311811397
1,CD4 T,apg_pr,-0.7480229583502886,0.7480229583502886
1,CD4 T,apg_d_2_25,0.3035653193350551,0.3035653193350551
1,CD4 T,apg_d_2_5,0.1323170713368086,0.1323170713368086
1,CD4 T,apg_d_3_0,-0.2252829547473048,0.2252829547473048
1,CD4 T,apg_d_4_0,-0.7061640581507844,0.7061640581507844
1,CD4 T,apg_d_5_0,-0.5195579453670479,0.5195579453670479
1,CD4 T,apg_d_6_0,0.46504716842104754,0.46504716842104754
1,CD4 T,apg_integrated_2_6,0.02470829747219747,0.02470829747219747
1,CD4 T,program_apg_entropy_norm,0.28045536238015556,0.28045536238015556
1,CD4 T,program_apg_cmax,3.3368696612484343,3.3368696612484343
1,CD4 T,program_apg_c2,-0.36592811384766966,0.36592811384766966
1,CD4 T,program_apg_neff,-0.09523454683406364,0.09523454683406364
1,CD4 T,program_apg_pr,-2.7831854027908722,2.7831854027908722
1,CD4 T,program_apg_d_2_25,0.4705923566814385,0.4705923566814385
1,CD4 T,program_apg_d_2_5,0.5895669897246569,0.5895669897246569
1,CD4 T,program_apg_d_3_0,0.6377124166338296,0.6377124166338296
1,CD4 T,program_apg_d_4_0,0.36592815952661517,0.36592815952661517
1,CD4 T,program_apg_d_5_0,0.1265186938034509,0.1265186938034509
1,CD4 T,program_apg_d_6_0,0.12352895628030958,0.12352895628030958
1,CD4 T,program_apg_integrated_2_6,0.2870723153247321,0.2870723153247321
1,CD8 T,shannon,-0.09668375680576222,0.09668375680576222
1,CD8 T,renyi2,0.28183081242300023,0.28183081242300023
1,CD8 T,simpson,-1.057973156855026,1.057973156855026
1,CD8 T,hhi,1.0579731568557857,1.0579731568557857
1,CD8 T,participation,-0.4847957875252902,0.4847957875252902
1,CD8 T,gini,0.2986911453860448,0.2986911453860448
1,CD8 T,detected,-1.1465107181640106,1.1465107181640106
1,CD8 T,program_shannon,-0.14498456500570392,0.14498456500570392
1,CD8 T,program_renyi2,1.2387875384758038,1.2387875384758038
1,CD8 T,program_simpson,-0.45607538823907545,0.45607538823907545
1,CD8 T,program_hhi,0.4560890276419703,0.4560890276419703
1,CD8 T,program_participation,1.0542930656134406,1.0542930656134406
1,CD8 T,program_gini,0.4608886980672128,0.4608886980672128
1,CD8 T,program_detected,0.0,0.0
1,CD8 T,apg_entropy_norm,0.9620889929190912,0.9620889929190912
1,CD8 T,apg_cmax,0.45643335297190546,0.45643335297190546
1,CD8 T,apg_c2,-0.7785542423436843,0.7785542423436843
1,CD8 T,apg_neff,-0.22054393937346575,0.22054393937346575
1,CD8 T,apg_pr,-2.9140355694281026,2.9140355694281026
1,CD8 T,apg_d_2_25,1.0667479049045585,1.0667479049045585
1,CD8 T,apg_d_2_5,1.1303084136874832,1.1303084136874832
1,CD8 T,apg_d_3_0,1.1405282988363008,1.1405282988363008
1,CD8 T,apg_d_4_0,0.7785542423386779,0.7785542423386779
1,CD8 T,apg_d_5_0,0.1238037373734459,0.1238037373734459
1,CD8 T,apg_d_6_0,-0.5477098504275112,0.5477098504275112
1,CD8 T,apg_integrated_2_6,1.0989748675983322,1.0989748675983322
1,CD8 T,program_apg_entropy_norm,1.4628029993728457,1.4628029993728457
1,CD8 T,program_apg_cmax,-0.039030261379909253,0.039030261379909253
1,CD8 T,program_apg_c2,0.08400024156830299,0.08400024156830299
1,CD8 T,program_apg_neff,-0.6941581778243954,0.6941581778243954
1,CD8 T,program_apg_pr,-2.918511096729469,2.918511096729469
1,CD8 T,program_apg_d_2_25,1.254957411156513,1.254957411156513
1,CD8 T,program_apg_d_2_5,1.0286879189701692,1.0286879189701692
1,CD8 T,program_apg_d_3_0,0.5912675234428899,0.5912675234428899
1,CD8 T,program_apg_d_4_0,-0.08400146566387706,0.08400146566387706
1,CD8 T,program_apg_d_5_0,-0.5564462954501315,0.5564462954501315
1,CD8 T,program_apg_d_6_0,-0.9713709048123758,0.9713709048123758
1,CD8 T,program_apg_integrated_2_6,-0.25708204235289367,0.25708204235289367
1,Dendritic,shannon,1.0035546079532829,1.0035546079532829
1,Dendritic,renyi2,0.4548759517114438,0.4548759517114438
1,Dendritic,simpson,-2.051049912880319,2.051049912880319
1,Dendritic,hhi,2.0510499128781987,2.0510499128781987
1,Dendritic,participation,0.04929645433933947,0.04929645433933947
1,Dendritic,gini,-0.010595984137243943,0.010595984137243943
1,Dendritic,detected,2.733044780119793,2.733044780119793
1,Dendritic,program_shannon,1.7940429605449133,1.7940429605449133
1,Dendritic,program_renyi2,0.10101743002574556,0.10101743002574556
1,Dendritic,program_simpson,-0.6387415784823711,0.6387415784823711
1,Dendritic,program_hhi,0.6387435142231221,0.6387435142231221
1,Dendritic,program_participation,-1.9629814540799184,1.9629814540799184
1,Dendritic,program_gini,0.4670290771201102,0.4670290771201102
1,Dendritic,program_detected,0.0,0.0
1,Dendritic,apg_entropy_norm,-0.359270939445281,0.359270939445281
1,Dendritic,apg_cmax,-0.45233358970146653,0.45233358970146653
1,Dendritic,apg_c2,-1.6004987844376695,1.6004987844376695
1,Dendritic,apg_neff,-2.7386235578994467,2.7386235578994467
1,Dendritic,apg_pr,-0.3734590776316619,0.3734590776316619
1,Dendritic,apg_d_2_25,-0.36445302943041585,0.36445302943041585
1,Dendritic,apg_d_2_5,-0.24889961539467376,0.24889961539467376
1,Dendritic,apg_d_3_0,0.2654346598889974,0.2654346598889974
1,Dendritic,apg_d_4_0,1.6004987844317495,1.6004987844317495
1,Dendritic,apg_d_5_0,1.6472450821232132,1.6472450821232132
1,Dendritic,apg_d_6_0,-1.018858162742764,1.018858162742764
1,Dendritic,apg_integrated_2_6,-0.027438105022655083,0.027438105022655083
1,Dendritic,program_apg_entropy_norm,0.5055304121385013,0.5055304121385013
1,Dendritic,program_apg_cmax,4.822594354370522,4.822594354370522
1,Dendritic,program_apg_c2,-1.0538626642739115,1.0538626642739115
1,Dendritic,program_apg_neff,0.49274114176310335,0.49274114176310335
1,Dendritic,program_apg_pr,0.7716478409764782,0.7716478409764782
1,Dendritic,program_apg_d_2_25,0.9831890146256318,0.9831890146256318
1,Dendritic,program_apg_d_2_5,1.349800645187594,1.349800645187594
1,Dendritic,program_apg_d_3_0,1.6838043275256325,1.6838043275256325
1,Dendritic,program_apg_d_4_0,1.0538635254901658,1.0538635254901658
1,Dendritic,program_apg_d_5_0,-0.39969233190548964,0.39969233190548964
1,Dendritic,program_apg_d_6_0,-1.9843210020767736,1.9843210020767736
1,Dendritic,program_apg_integrated_2_6,0.08793706305144386,0.08793706305144386
1,FCGR3A monocyte,shannon,0.5353734794635184,0.5353734794635184
1,FCGR3A monocyte,renyi2,0.2387570728679655,0.2387570728679655
1,FCGR3A monocyte,simpson,1.0833173475325382,1.0833173475325382
1,FCGR3A monocyte,hhi,-1.0833173475287836,1.0833173475287836
1,FCGR3A monocyte,participation,0.4744419474218842,0.4744419474218842
1,FCGR3A monocyte,gini,3.5611730923494704,3.5611730923494704
1,FCGR3A monocyte,detected,-0.7511253715858799,0.7511253715858799
1,FCGR3A monocyte,program_shannon,1.2443899333054584,1.2443899333054584
1,FCGR3A monocyte,program_renyi2,1.143101436106925,1.143101436106925
1,FCGR3A monocyte,program_simpson,-0.43025480699400753,0.43025480699400753
1,FCGR3A monocyte,program_hhi,0.43025384999949773,0.43025384999949773
1,FCGR3A monocyte,program_participation,0.16037447478375502,0.16037447478375502
1,FCGR3A monocyte,program_gini,1.142476022306712,1.142476022306712
1,FCGR3A monocyte,program_detected,0.0,0.0
1,FCGR3A monocyte,apg_entropy_norm,-0.11810636342831254,0.11810636342831254
1,FCGR3A monocyte,apg_cmax,0.4118740361065391,0.4118740361065391
1,FCGR3A monocyte,apg_c2,1.026912178204319,1.026912178204319
1,FCGR3A monocyte,apg_neff,2.234200673720542,2.234200673720542
1,FCGR3A monocyte,apg_pr,3.6457425126417062,3.6457425126417062
1,FCGR3A monocyte,apg_d_2_25,-0.346652322902829,0.346652322902829
1,FCGR3A monocyte,apg_d_2_5,-0.5610992457238085,0.5610992457238085
1,FCGR3A monocyte,apg_d_3_0,-0.8958730624014283,0.8958730624014283
1,FCGR3A monocyte,apg_d_4_0,-1.0269121782042179,1.0269121782042179
1,FCGR3A monocyte,apg_d_5_0,-0.4348184747103778,0.4348184747103778
1,FCGR3A monocyte,apg_d_6_0,0.7737660584101778,0.7737660584101778
1,FCGR3A monocyte,apg_integrated_2_6,-0.6315628729766284,0.6315628729766284
1,FCGR3A monocyte,program_apg_entropy_norm,0.014001795576253983,0.014001795576253983
1,FCGR3A monocyte,program_apg_cmax,2.917659210694899,2.917659210694899
1,FCGR3A monocyte,program_apg_c2,-0.24667318319248877,0.24667318319248877
1,FCGR3A monocyte,program_apg_neff,-1.1724906848068033,1.1724906848068033
1,FCGR3A monocyte,program_apg_pr,3.1428873921687286,3.1428873921687286
1,FCGR3A monocyte,program_apg_d_2_25,0.22960019868070497,0.22960019868070497
1,FCGR3A monocyte,program_apg_d_2_5,0.4142461129722121,0.4142461129722121
1,FCGR3A monocyte,program_apg_d_3_0,0.5924579469478563,0.5924579469478563
1,FCGR3A monocyte,program_apg_d_4_0,0.24666836145975105,0.24666836145975105
1,FCGR3A monocyte,program_apg_d_5_0,-0.48086003949595435,0.48086003949595435
1,FCGR3A monocyte,program_apg_d_6_0,-1.1040742750543404,1.1040742750543404
1,FCGR3A monocyte,program_apg_integrated_2_6,-0.20060253804720343,0.20060253804720343
1,NK,shannon,-1.4842553209617568,1.4842553209617568
1,NK,renyi2,-0.7299063209390144,0.7299063209390144
1,NK,simpson,-1.777346995657875,1.777346995657875
1,NK,hhi,1.7773469956586745,1.7773469956586745
1,NK,participation,-0.7621788908780532,0.7621788908780532
1,NK,gini,-2.982386362474436,2.982386362474436
1,NK,detected,-1.685117349690891,1.685117349690891
1,NK,program_shannon,2.314912257198906,2.314912257198906
1,NK,program_renyi2,1.0594848241194446,1.0594848241194446
1,NK,program_simpson,-0.07404336656551752,0.07404336656551752
1,NK,program_hhi,0.07404948873941536,0.07404948873941536
1,NK,program_participation,1.900524641550292,1.900524641550292
1,NK,program_gini,1.807105379484504,1.807105379484504
1,NK,program_detected,0.0,0.0
1,NK,apg_entropy_norm,0.5277051786494332,0.5277051786494332
1,NK,apg_cmax,1.1559350685667074,1.1559350685667074
1,NK,apg_c2,-1.5487462565963048,1.5487462565963048
1,NK,apg_neff,-0.5427383204223787,0.5427383204223787
1,NK,apg_pr,-1.6430248162193042,1.6430248162193042
1,NK,apg_d_2_25,0.7842320136122648,0.7842320136122648
1,NK,apg_d_2_5,1.0153683962184676,1.0153683962184676
1,NK,apg_d_3_0,1.3755456418989969,1.3755456418989969
1,NK,apg_d_4_0,1.5487462565908798,1.5487462565908798
1,NK,apg_d_5_0,0.9111245334938332,0.9111245334938332
1,NK,apg_d_6_0,-0.31096854343173286,0.31096854343173286
1,NK,apg_integrated_2_6,1.0933380917622968,1.0933380917622968
1,NK,program_apg_entropy_norm,-1.159091746392448,1.159091746392448
1,NK,program_apg_cmax,-1.3749022134412596,1.3749022134412596
1,NK,program_apg_c2,-0.8710261000648181,0.8710261000648181
1,NK,program_apg_neff,-1.9615161968839037,1.9615161968839037
1,NK,program_apg_pr,-2.5315363868751057,2.5315363868751057
1,NK,program_apg_d_2_25,-1.1945208758636012,1.1945208758636012
1,NK,program_apg_d_2_5,-1.059154935767744,1.059154935767744
1,NK,program_apg_d_3_0,-0.4930288762049625,0.4930288762049625
1,NK,program_apg_d_4_0,0.8710276140877149,0.8710276140877149
1,NK,program_apg_d_5_0,1.8380221979171694,1.8380221979171694
1,NK,program_apg_d_6_0,2.3395944834857474,2.3395944834857474
1,NK,program_apg_integrated_2_6,1.187801755734357,1.187801755734357
1,Platelet,shannon,-1.1761514537292643,1.1761514537292643
1,Platelet,renyi2,-0.7135909653523949,0.7135909653523949
1,Platelet,simpson,0.9697326926816277,0.9697326926816277
1,Platelet,hhi,-0.9697326926815186,0.9697326926815186
1,Platelet,participation,-0.23482298803801777,0.23482298803801777
1,Platelet,gini,-0.38057890735653727,0.38057890735653727
1,Platelet,detected,-0.8702318865829894,0.8702318865829894
1,Platelet,program_shannon,-1.4692404296340027,1.4692404296340027
1,Platelet,program_renyi2,-0.5858174537296432,0.5858174537296432
1,Platelet,program_simpson,0.6546341464711194,0.6546341464711194
1,Platelet,program_hhi,-0.6546451026596475,0.6546451026596475
1,Platelet,program_participation,-2.552659141653187,2.552659141653187
1,Platelet,program_gini,-1.639572086421776,1.639572086421776
1,Platelet,program_detected,0.0,0.0
1,Platelet,apg_entropy_norm,0.133115773077634,0.133115773077634
1,Platelet,apg_cmax,0.29257867382745883,0.29257867382745883
1,Platelet,apg_c2,-0.41600364006965507,0.41600364006965507
1,Platelet,apg_neff,0.5960709039049165,0.5960709039049165
1,Platelet,apg_pr,-0.02964726932652069,0.02964726932652069
1,Platelet,apg_d_2_25,0.3787966516278911,0.3787966516278911
1,Platelet,apg_d_2_5,0.573220970706293,0.573220970706293
1,Platelet,apg_d_3_0,0.775942987010178,0.775942987010178
1,Platelet,apg_d_4_0,0.41600364007400814,0.41600364007400814
1,Platelet,apg_d_5_0,-0.7079791495206063,0.7079791495206063
1,Platelet,apg_d_6_0,-2.152990763497163,2.152990763497163
1,Platelet,apg_integrated_2_6,0.57482127141615,0.57482127141615
1,Platelet,program_apg_entropy_norm,1.428184822774594,1.428184822774594
1,Platelet,program_apg_cmax,1.8976529771303663,1.8976529771303663
1,Platelet,program_apg_c2,0.32858316604204685,0.32858316604204685
1,Platelet,program_apg_neff,-1.3786231375754925,1.3786231375754925
1,Platelet,program_apg_pr,1.5470558654223274,1.5470558654223274
1,Platelet,program_apg_d_2_25,1.7323307395630705,1.7323307395630705
1,Platelet,program_apg_d_2_5,1.7711550558375917,1.7711550558375917
1,Platelet,program_apg_d_3_0,1.300765866053346,1.300765866053346
1,Platelet,program_apg_d_4_0,-0.3285840292969885,0.3285840292969885
1,Platelet,program_apg_d_5_0,-1.3995344457138315,1.3995344457138315
1,Platelet,program_apg_d_6_0,-1.4978866197931304,1.4978866197931304
1,Platelet,program_apg_integrated_2_6,-0.5806221573147827,0.5806221573147827
2,B cell,shannon,-0.6347067657371804,0.6347067657371804
2,B cell,renyi2,-0.7674904979196562,0.7674904979196562
2,B cell,simpson,3.4966025781027374,3.4966025781027374
2,B cell,hhi,-3.4966025781017605,3.4966025781017605
2,B cell,participation,1.26029017451233,1.26029017451233
2,B cell,gini,0.831552134072902,0.831552134072902
2,B cell,detected,-0.40902822527562405,0.40902822527562405
2,B cell,program_shannon,-2.4225219120560637,2.4225219120560637
2,B cell,program_renyi2,-0.9189629466916717,0.9189629466916717
2,B cell,program_simpson,0.7623555642775108,0.7623555642775108
2,B cell,program_hhi,-0.7623586405342979,0.7623586405342979
2,B cell,program_participation,1.1013011053246538,1.1013011053246538
2,B cell,program_gini,-0.992528467108522,0.992528467108522
2,B cell,program_detected,0.0,0.0
2,B cell,apg_entropy_norm,-0.9775150212820128,0.9775150212820128
2,B cell,apg_cmax,0.0018014341910980677,0.0018014341910980677
2,B cell,apg_c2,1.255659203333594,1.255659203333594
2,B cell,apg_neff,2.4022952141921055,2.4022952141921055
2,B cell,apg_pr,1.111364067156064,1.111364067156064
2,B cell,apg_d_2_25,-1.0866794125076653,1.0866794125076653
2,B cell,apg_d_2_5,-1.1812841066167876,1.1812841066167876
2,B cell,apg_d_3_0,-1.3117501341609217,1.3117501341609217
2,B cell,apg_d_4_0,-1.2556592033365184,1.2556592033365184
2,B cell,apg_d_5_0,-0.6518568215538123,0.6518568215538123
2,B cell,apg_d_6_0,0.5578464382281153,0.5578464382281153
2,B cell,apg_integrated_2_6,-1.2006896631597972,1.2006896631597972
2,B cell,program_apg_entropy_norm,-0.5242908341396999,0.5242908341396999
2,B cell,program_apg_cmax,0.7581502150835392,0.7581502150835392
2,B cell,program_apg_c2,-0.19095964932272136,0.19095964932272136
2,B cell,program_apg_neff,-2.1802789087798367,2.1802789087798367
2,B cell,program_apg_pr,-0.5672580648084162,0.5672580648084162
2,B cell,program_apg_d_2_25,-0.5771129257548464,0.5771129257548464
2,B cell,program_apg_d_2_5,-0.6247083575433927,0.6247083575433927
2,B cell,program_apg_d_3_0,-0.5833579846163136,0.5833579846163136
2,B cell,program_apg_d_4_0,0.19095928850963498,0.19095928850963498
2,B cell,program_apg_d_5_0,1.4537276567455435,1.4537276567455435
2,B cell,program_apg_d_6_0,2.7293989882643297,2.7293989882643297
2,B cell,program_apg_integrated_2_6,0.9484284673753776,0.9484284673753776
2,CD14 monocyte,shannon,1.6667589370884217,1.6667589370884217
2,CD14 monocyte,renyi2,1.4027674905210066,1.4027674905210066
2,CD14 monocyte,simpson,-1.8443499666643675,1.8443499666643675
2,CD14 monocyte,hhi,1.8443499666691134,1.8443499666691134
2,CD14 monocyte,participation,-0.08179384399234794,0.08179384399234794
2,CD14 monocyte,gini,0.8466555950931389,0.8466555950931389
2,CD14 monocyte,detected,-0.4200378262972229,0.4200378262972229
2,CD14 monocyte,program_shannon,0.6805407873571877,0.6805407873571877
2,CD14 monocyte,program_renyi2,1.2328927540407493,1.2328927540407493
2,CD14 monocyte,program_simpson,0.21682334469356485,0.21682334469356485
2,CD14 monocyte,program_hhi,-0.21681659727745622,0.21681659727745622
2,CD14 monocyte,program_participation,-0.4140865079128865,0.4140865079128865
2,CD14 monocyte,program_gini,1.3116880384953518,1.3116880384953518
2,CD14 monocyte,program_detected,0.0,0.0
2,CD14 monocyte,apg_entropy_norm,0.7781927449391725,0.7781927449391725
2,CD14 monocyte,apg_cmax,-1.1262956969977203,1.1262956969977203
2,CD14 monocyte,apg_c2,1.2706078732137207,1.2706078732137207
2,CD14 monocyte,apg_neff,0.022536895290297888,0.022536895290297888
2,CD14 monocyte,apg_pr,-0.7998639465624929,0.7998639465624929
2,CD14 monocyte,apg_d_2_25,0.440197214982799,0.440197214982799
2,CD14 monocyte,apg_d_2_5,0.07535427637933396,0.07535427637933396
2,CD14 monocyte,apg_d_3_0,-0.6244074172670232,0.6244074172670232
2,CD14 monocyte,apg_d_4_0,-1.2706078732102453,1.2706078732102453
2,CD14 monocyte,apg_d_5_0,-0.2489194205716237,0.2489194205716237
2,CD14 monocyte,apg_d_6_0,2.3877728726300287,2.3877728726300287
2,CD14 monocyte,apg_integrated_2_6,-0.11070972606793034,0.11070972606793034
2,CD14 monocyte,program_apg_entropy_norm,0.23914354293151735,0.23914354293151735
2,CD14 monocyte,program_apg_cmax,0.2994977885432797,0.2994977885432797
2,CD14 monocyte,program_apg_c2,-0.1281238175678739,0.1281238175678739
2,CD14 monocyte,program_apg_neff,0.811167244984017,0.811167244984017
2,CD14 monocyte,program_apg_pr,0.4191960714118967,0.4191960714118967
2,CD14 monocyte,program_apg_d_2_25,0.03294149651679869,0.03294149651679869
2,CD14 monocyte,program_apg_d_2_5,-0.0709493968410916,0.0709493968410916
2,CD14 monocyte,program_apg_d_3_0,-0.06625383852927562,0.06625383852927562
2,CD14 monocyte,program_apg_d_4_0,0.12812415828378207,0.12812415828378207
2,CD14 monocyte,program_apg_d_5_0,-0.06754449622484306,0.06754449622484306
2,CD14 monocyte,program_apg_d_6_0,-0.7770257963205158,0.7770257963205158
2,CD14 monocyte,program_apg_integrated_2_6,-0.1432402723650952,0.1432402723650952
2,CD4 T,shannon,0.7945069015442158,0.7945069015442158
2,CD4 T,renyi2,0.6720410022493344,0.6720410022493344
2,CD4 T,simpson,0.7128385493403289,0.7128385493403289
2,CD4 T,hhi,-0.7128385493364773,0.7128385493364773
2,CD4 T,participation,-0.03980512143968792,0.03980512143968792
2,CD4 T,gini,0.7051276208373687,0.7051276208373687
2,CD4 T,detected,-0.600961317029828,0.600961317029828
2,CD4 T,program_shannon,0.5495483013681841,0.5495483013681841
2,CD4 T,program_renyi2,-0.4239688679253076,0.4239688679253076
2,CD4 T,program_simpson,0.15131603503961605,0.15131603503961605
2,CD4 T,program_hhi,-0.15132170772103992,0.15132170772103992
2,CD4 T,program_participation,0.007278994402168459,0.007278994402168459
2,CD4 T,program_gini,1.126830988739833,1.126830988739833
2,CD4 T,program_detected,0.0,0.0
2,CD4 T,apg_entropy_norm,0.3718829562998033,0.3718829562998033
2,CD4 T,apg_cmax,0.036851925166694145,0.036851925166694145
2,CD4 T,apg_c2,0.7131212002939643,0.7131212002939643
2,CD4 T,apg_neff,0.4251479664782232,0.4251479664782232
2,CD4 T,apg_pr,-0.3031302118848097,0.3031302118848097
2,CD4 T,apg_d_2_25,0.23010723933731336,0.23010723933731336
2,CD4 T,apg_d_2_5,0.06924445139414075,0.06924445139414075
2,CD4 T,apg_d_3_0,-0.26383633968712067,0.26383633968712067
2,CD4 T,apg_d_4_0,-0.7131212003050873,0.7131212003050873
2,CD4 T,apg_d_5_0,-0.5450975664106116,0.5450975664106116
2,CD4 T,apg_d_6_0,0.394614274368641,0.394614274368641
2,CD4 T,apg_integrated_2_6,-0.030798989680064802,0.030798989680064802
2,CD4 T,program_apg_entropy_norm,0.3973348579372397,0.3973348579372397
2,CD4 T,program_apg_cmax,3.2029892826729127,3.2029892826729127
2,CD4 T,program_apg_c2,-0.20062973196013087,0.20062973196013087
2,CD4 T,program_apg_neff,0.29144999112882336,0.29144999112882336
2,CD4 T,program_apg_pr,-2.322796938199278,2.322796938199278
2,CD4 T,program_apg_d_2_25,0.553274663420874,0.553274663420874
2,CD4 T,program_apg_d_2_5,0.6303142211016001,0.6303142211016001
2,CD4 T,program_apg_d_3_0,0.5947008930048323,0.5947008930048323
2,CD4 T,program_apg_d_4_0,0.20063043638676406,0.20063043638676406
2,CD4 T,program_apg_d_5_0,-0.10696321061357282,0.10696321061357282
2,CD4 T,program_apg_d_6_0,-0.1498043049326334,0.1498043049326334
2,CD4 T,program_apg_integrated_2_6,0.10635128367635685,0.10635128367635685
2,CD8 T,shannon,-0.7660540612070087,0.7660540612070087
2,CD8 T,renyi2,-0.3184638120202707,0.3184638120202707
2,CD8 T,simpson,-0.3094885891133236,0.3094885891133236
2,CD8 T,hhi,0.3094885891165532,0.3094885891165532
2,CD8 T,participation,-0.11029802085928643,0.11029802085928643
2,CD8 T,gini,0.35729566093306014,0.35729566093306014
2,CD8 T,detected,-0.943741380771309,0.943741380771309
2,CD8 T,program_shannon,-0.12769176500913512,0.12769176500913512
2,CD8 T,program_renyi2,0.9010364573009774,0.9010364573009774
2,CD8 T,program_simpson,-0.31571207090695125,0.31571207090695125
2,CD8 T,program_hhi,0.31572169547385376,0.31572169547385376
2,CD8 T,program_participation,1.68610023969599,1.68610023969599
2,CD8 T,program_gini,0.6507457187671585,0.6507457187671585
2,CD8 T,program_detected,0.0,0.0
2,CD8 T,apg_entropy_norm,0.5395238575258707,0.5395238575258707
2,CD8 T,apg_cmax,0.5236570051727863,0.5236570051727863
2,CD8 T,apg_c2,-0.6944555419932403,0.6944555419932403
2,CD8 T,apg_neff,0.40627131871093136,0.40627131871093136
2,CD8 T,apg_pr,-2.1101754553525103,2.1101754553525103
2,CD8 T,apg_d_2_25,0.6970970652801867,0.6970970652801867
2,CD8 T,apg_d_2_5,0.8203274636666201,0.8203274636666201
2,CD8 T,apg_d_3_0,0.9456207661831832,0.9456207661831832
2,CD8 T,apg_d_4_0,0.6944555419829558,0.6944555419829558
2,CD8 T,apg_d_5_0,-0.0003532562066492131,0.0003532562066492131
2,CD8 T,apg_d_6_0,-0.6230922502045285,0.6230922502045285
2,CD8 T,apg_integrated_2_6,0.8199581894946134,0.8199581894946134
2,CD8 T,program_apg_entropy_norm,1.1052078225724205,1.1052078225724205
2,CD8 T,program_apg_cmax,0.0699353897422746,0.0699353897422746
2,CD8 T,program_apg_c2,0.10218168596474433,0.10218168596474433
2,CD8 T,program_apg_neff,-0.5476816472560375,0.5476816472560375
2,CD8 T,program_apg_pr,-2.889997303335332,2.889997303335332
2,CD8 T,program_apg_d_2_25,0.9140592077387935,0.9140592077387935
2,CD8 T,program_apg_d_2_5,0.7173409907846562,0.7173409907846562
2,CD8 T,program_apg_d_3_0,0.361848443275738,0.361848443275738
2,CD8 T,program_apg_d_4_0,-0.10218369082917456,0.10218369082917456
2,CD8 T,program_apg_d_5_0,-0.3371871580405383,0.3371871580405383
2,CD8 T,program_apg_d_6_0,-0.5044609615853726,0.5044609615853726
2,CD8 T,program_apg_integrated_2_6,-0.14787879604019774,0.14787879604019774
2,Dendritic,shannon,1.1600610974472312,1.1600610974472312
2,Dendritic,renyi2,0.6360611557194442,0.6360611557194442
2,Dendritic,simpson,-2.068620352875393,2.068620352875393
2,Dendritic,hhi,2.068620352875805,2.068620352875805
2,Dendritic,participation,0.035611192383769655,0.035611192383769655
2,Dendritic,gini,-0.09748797590806114,0.09748797590806114
2,Dendritic,detected,2.414222394966329,2.414222394966329
2,Dendritic,program_shannon,1.2650407422637515,1.2650407422637515
2,Dendritic,program_renyi2,-0.5074222938855608,0.5074222938855608
2,Dendritic,program_simpson,-0.319126792606132,0.319126792606132
2,Dendritic,program_hhi,0.3191282324296764,0.3191282324296764
2,Dendritic,program_participation,-1.9425970326471993,1.9425970326471993
2,Dendritic,program_gini,0.09474331302716438,0.09474331302716438
2,Dendritic,program_detected,0.0,0.0
2,Dendritic,apg_entropy_norm,-0.2024395465362236,0.2024395465362236
2,Dendritic,apg_cmax,-0.4173860371509983,0.4173860371509983
2,Dendritic,apg_c2,-1.2532630607535642,1.2532630607535642
2,Dendritic,apg_neff,-2.5140832176329715,2.5140832176329715
2,Dendritic,apg_pr,-0.6003207543658824,0.6003207543658824
2,Dendritic,apg_d_2_25,-0.2674907897080104,0.2674907897080104
2,Dendritic,apg_d_2_5,-0.22572201948038664,0.22572201948038664
2,Dendritic,apg_d_3_0,0.1248677838251538,0.1248677838251538
2,Dendritic,apg_d_4_0,1.2532630607456037,1.2532630607456037
2,Dendritic,apg_d_5_0,1.556320360817832,1.556320360817832
2,Dendritic,apg_d_6_0,-0.182617713382126,0.182617713382126
2,Dendritic,apg_integrated_2_6,-0.053432362171652766,0.053432362171652766
2,Dendritic,program_apg_entropy_norm,0.16128347876910562,0.16128347876910562
2,Dendritic,program_apg_cmax,5.397084960900584,5.397084960900584
2,Dendritic,program_apg_c2,-1.2371536143973914,1.2371536143973914
2,Dendritic,program_apg_neff,1.047620999926358,1.047620999926358
2,Dendritic,program_apg_pr,0.7460429858231904,0.7460429858231904
2,Dendritic,program_apg_d_2_25,0.7032157759312174,0.7032157759312174
2,Dendritic,program_apg_d_2_5,1.1463507996780067,1.1463507996780067
2,Dendritic,program_apg_d_3_0,1.640102932414122,1.640102932414122
2,Dendritic,program_apg_d_4_0,1.2371536866189523,1.2371536866189523
2,Dendritic,program_apg_d_5_0,-0.16053289201459034,0.16053289201459034
2,Dendritic,program_apg_d_6_0,-1.8151587358786716,1.8151587358786716
2,Dendritic,program_apg_integrated_2_6,0.23661047665741125,0.23661047665741125
2,FCGR3A monocyte,shannon,0.7866872036166855,0.7866872036166855
2,FCGR3A monocyte,renyi2,0.4008648430157994,0.4008648430157994
2,FCGR3A monocyte,simpson,1.1042864274808382,1.1042864274808382
2,FCGR3A monocyte,hhi,-1.104286427478796,1.104286427478796
2,FCGR3A monocyte,participation,0.30107664680069207,0.30107664680069207
2,FCGR3A monocyte,gini,3.5724601635628317,3.5724601635628317
2,FCGR3A monocyte,detected,-0.7676172056518085,0.7676172056518085
2,FCGR3A monocyte,program_shannon,1.8291399031660014,1.8291399031660014
2,FCGR3A monocyte,program_renyi2,0.737380908479312,0.737380908479312
2,FCGR3A monocyte,program_simpson,-0.4696493418642413,0.4696493418642413
2,FCGR3A monocyte,program_hhi,0.4696533939969891,0.4696533939969891
2,FCGR3A monocyte,program_participation,0.02382317518268977,0.02382317518268977
2,FCGR3A monocyte,program_gini,1.4658055531315768,1.4658055531315768
2,FCGR3A monocyte,program_detected,0.0,0.0
2,FCGR3A monocyte,apg_entropy_norm,-0.12806928767607728,0.12806928767607728
2,FCGR3A monocyte,apg_cmax,0.3721856453318536,0.3721856453318536
2,FCGR3A monocyte,apg_c2,1.2591139965980152,1.2591139965980152
2,FCGR3A monocyte,apg_neff,1.9983687374659245,1.9983687374659245
2,FCGR3A monocyte,apg_pr,4.028936532707305,4.028936532707305
2,FCGR3A monocyte,apg_d_2_25,-0.3842710587924067,0.3842710587924067
2,FCGR3A monocyte,apg_d_2_5,-0.6316446929665537,0.6316446929665537
2,FCGR3A monocyte,apg_d_3_0,-1.0385798256908236,1.0385798256908236
2,FCGR3A monocyte,apg_d_4_0,-1.2591139966020863,1.2591139966020863
2,FCGR3A monocyte,apg_d_5_0,-0.5329719353291599,0.5329719353291599
2,FCGR3A monocyte,apg_d_6_0,1.173158426204797,1.173158426204797
2,FCGR3A monocyte,apg_integrated_2_6,-0.7236120176530874,0.7236120176530874
2,FCGR3A monocyte,program_apg_entropy_norm,0.1438645152633727,0.1438645152633727
2,FCGR3A monocyte,program_apg_cmax,2.718070587604169,2.718070587604169
2,FCGR3A monocyte,program_apg_c2,-0.19281451583226406,0.19281451583226406
2,FCGR3A monocyte,program_apg_neff,-0.5366371441097872,0.5366371441097872
2,FCGR3A monocyte,program_apg_pr,2.808801467606719,2.808801467606719
2,FCGR3A monocyte,program_apg_d_2_25,0.41524503729726436,0.41524503729726436
2,FCGR3A monocyte,program_apg_d_2_5,0.6128396620471757,0.6128396620471757
2,FCGR3A monocyte,program_apg_d_3_0,0.7357897151778405,0.7357897151778405
2,FCGR3A monocyte,program_apg_d_4_0,0.1928103998029852,0.1928103998029852
2,FCGR3A monocyte,program_apg_d_5_0,-0.6832152205338673,0.6832152205338673
2,FCGR3A monocyte,program_apg_d_6_0,-1.4091721202400065,1.4091721202400065
2,FCGR3A monocyte,program_apg_integrated_2_6,-0.31141520592759087,0.31141520592759087
2,NK,shannon,-1.5969604583946928,1.5969604583946928
2,NK,renyi2,-0.8227312372172773,0.8227312372172773
2,NK,simpson,-1.639224459071254,1.639224459071254
2,NK,hhi,1.639224459076555,1.639224459076555
2,NK,participation,-0.6906169444188447,0.6906169444188447
2,NK,gini,-2.9922992593873077,2.9922992593873077
2,NK,detected,-1.7022851257506826,1.7022851257506826
2,NK,program_shannon,2.821283961763808,2.821283961763808
2,NK,program_renyi2,0.9863184108032075,0.9863184108032075
2,NK,program_simpson,-0.05159801128461787,0.05159801128461787
2,NK,program_hhi,0.05160121447581918,0.05160121447581918
2,NK,program_participation,1.7609977444264389,1.7609977444264389
2,NK,program_gini,1.9850021035892442,1.9850021035892442
2,NK,program_detected,0.0,0.0
2,NK,apg_entropy_norm,0.4728642198241975,0.4728642198241975
2,NK,apg_cmax,1.1658564949605612,1.1658564949605612
2,NK,apg_c2,-1.558657829015112,1.558657829015112
2,NK,apg_neff,-0.42033412506188816,0.42033412506188816
2,NK,apg_pr,-1.8825770371173327,1.8825770371173327
2,NK,apg_d_2_25,0.724433976000667,0.724433976000667
2,NK,apg_d_2_5,0.9533907915645486,0.9533907915645486
2,NK,apg_d_3_0,1.3201202174561886,1.3201202174561886
2,NK,apg_d_4_0,1.5586578290087882,1.5586578290087882
2,NK,apg_d_5_0,1.0407240701100853,1.0407240701100853
2,NK,apg_d_6_0,-0.07657748592483656,0.07657748592483656
2,NK,apg_integrated_2_6,1.0378471841172323,1.0378471841172323
2,NK,program_apg_entropy_norm,-1.319027053987511,1.319027053987511
2,NK,program_apg_cmax,-1.5009580777398044,1.5009580777398044
2,NK,program_apg_c2,-0.8664294144523672,0.8664294144523672
2,NK,program_apg_neff,-1.9224897889529928,1.9224897889529928
2,NK,program_apg_pr,-2.4038570009419424,2.4038570009419424
2,NK,program_apg_d_2_25,-1.2965820248924211,1.2965820248924211
2,NK,program_apg_d_2_5,-1.1135454107688687,1.1135454107688687
2,NK,program_apg_d_3_0,-0.4922923274676941,0.4922923274676941
2,NK,program_apg_d_4_0,0.8664282105861254,0.8664282105861254
2,NK,program_apg_d_5_0,1.7937539560978157,1.7937539560978157
2,NK,program_apg_d_6_0,2.296664743760366,2.296664743760366
2,NK,program_apg_integrated_2_6,1.1586499394930987,1.1586499394930987
2,Platelet,shannon,-1.1463049504704839,1.1463049504704839
2,Platelet,renyi2,-0.7014871450892886,0.7014871450892886
2,Platelet,simpson,1.0977235131758916,1.0977235131758916
2,Platelet,hhi,-1.097723513176394,1.097723513176394
2,Platelet,participation,-0.2641260652545157,0.2641260652545157
2,Platelet,gini,-0.5558723294150274,0.5558723294150274
2,Platelet,detected,-0.9826098117805125,0.9826098117805125
2,Platelet,program_shannon,-0.8221885547763628,0.8221885547763628
2,Platelet,program_renyi2,0.11571201733204758,0.11571201733204758
2,Platelet,program_simpson,0.10416182816035305,0.10416182816035305
2,Platelet,program_hhi,-0.1041718735387062,0.1041718735387062
2,Platelet,program_participation,-2.928570053757402,2.928570053757402
2,Platelet,program_gini,-1.5764785613719088,1.5764785613719088
2,Platelet,program_detected,0.0,0.0
2,Platelet,apg_entropy_norm,0.07531863399844133,0.07531863399844133
2,Platelet,apg_cmax,0.24689030313765856,0.24689030313765856
2,Platelet,apg_c2,-0.3493004976631798,0.3493004976631798
2,Platelet,apg_neff,0.601222893043567,0.601222893043567
2,Platelet,apg_pr,-0.07697985795891708,0.07697985795891708
2,Platelet,apg_d_2_25,0.3055730410611271,0.3055730410611271
2,Platelet,apg_d_2_5,0.4860666817251422,0.4860666817251422
2,Platelet,apg_d_3_0,0.6723253488250049,0.6723253488250049
2,Platelet,apg_d_4_0,0.34930049766742094,0.34930049766742094
2,Platelet,apg_d_5_0,-0.6709652728747513,0.6709652728747513
2,Platelet,apg_d_6_0,-2.068450355496839,2.068450355496839
2,Platelet,apg_integrated_2_6,0.4873711751576541,0.4873711751576541
2,Platelet,program_apg_entropy_norm,1.7055194174532757,1.7055194174532757
2,Platelet,program_apg_cmax,2.1400211993605174,2.1400211993605174
2,Platelet,program_apg_c2,0.23442470726402553,0.23442470726402553
2,Platelet,program_apg_neff,-1.8473850311265654,1.8473850311265654
2,Platelet,program_apg_pr,1.6296011083314776,1.6296011083314776
2,Platelet,program_apg_d_2_25,1.991374533989795,1.991374533989795
2,Platelet,program_apg_d_2_5,2.0145765547691807,2.0145765547691807
2,Platelet,program_apg_d_3_0,1.5092631141289137,1.5092631141289137
2,Platelet,program_apg_d_4_0,-0.23442504043904572,0.23442504043904572
2,Platelet,program_apg_d_5_0,-1.4458256087077859,1.4458256087077859
2,Platelet,program_apg_d_6_0,-1.6504405935216886,1.6504405935216886
2,Platelet,program_apg_integrated_2_6,-0.5552608806661458,0.5552608806661458
3,B cell,shannon,-0.3617618775173089,0.3617618775173089
3,B cell,renyi2,-0.5588263770605225,0.5588263770605225
3,B cell,simpson,3.350002557422509,3.350002557422509
3,B cell,hhi,-3.350002557422758,3.350002557422758
3,B cell,participation,0.9859549049882461,0.9859549049882461
3,B cell,gini,0.945110967536544,0.945110967536544
3,B cell,detected,-0.22788155978636718,0.22788155978636718
3,B cell,program_shannon,-2.6410485657351046,2.6410485657351046
3,B cell,program_renyi2,-1.305436437541084,1.305436437541084
3,B cell,program_simpson,0.9478588766367662,0.9478588766367662
3,B cell,program_hhi,-0.9478666910299839,0.9478666910299839
3,B cell,program_participation,0.9900029532257428,0.9900029532257428
3,B cell,program_gini,-1.430920241152217,1.430920241152217
3,B cell,program_detected,0.0,0.0
3,B cell,apg_entropy_norm,-0.8649030494901985,0.8649030494901985
3,B cell,apg_cmax,0.1590178451378492,0.1590178451378492
3,B cell,apg_c2,1.6188377604594564,1.6188377604594564
3,B cell,apg_neff,2.022527222486338,2.022527222486338
3,B cell,apg_pr,1.7242080762600158,1.7242080762600158
3,B cell,apg_d_2_25,-0.9975705245836952,0.9975705245836952
3,B cell,apg_d_2_5,-1.1342934929925725,1.1342934929925725
3,B cell,apg_d_3_0,-1.3940301303336307,1.3940301303336307
3,B cell,apg_d_4_0,-1.6188377604607567,1.6188377604607567
3,B cell,apg_d_5_0,-0.9080993432456276,0.9080993432456276
3,B cell,apg_d_6_0,1.3368230193943795,1.3368230193943795
3,B cell,apg_integrated_2_6,-1.202608827411926,1.202608827411926
3,B cell,program_apg_entropy_norm,-0.8175192156643567,0.8175192156643567
3,B cell,program_apg_cmax,1.3156610791684824,1.3156610791684824
3,B cell,program_apg_c2,-0.3131051502987554,0.3131051502987554
3,B cell,program_apg_neff,-1.9828945030913607,1.9828945030913607
3,B cell,program_apg_pr,-0.4388654280962277,0.4388654280962277
3,B cell,program_apg_d_2_25,-0.8162340002889854,0.8162340002889854
3,B cell,program_apg_d_2_5,-0.8059959602745066,0.8059959602745066
3,B cell,program_apg_d_3_0,-0.650008788289116,0.650008788289116
3,B cell,program_apg_d_4_0,0.31310368816008205,0.31310368816008205
3,B cell,program_apg_d_5_0,1.6913706938123807,1.6913706938123807
3,B cell,program_apg_d_6_0,3.015307532971852,3.015307532971852
3,B cell,program_apg_integrated_2_6,1.0983615977148946,1.0983615977148946
3,CD14 monocyte,shannon,1.5516082655407166,1.5516082655407166
3,CD14 monocyte,renyi2,1.2545077882526339,1.2545077882526339
3,CD14 monocyte,simpson,-1.5608444615182324,1.5608444615182324
3,CD14 monocyte,hhi,1.5608444615181332,1.5608444615181332
3,CD14 monocyte,participation,-0.07254985398445274,0.07254985398445274
3,CD14 monocyte,gini,0.9573317468984682,0.9573317468984682
3,CD14 monocyte,detected,-0.3717179923368192,0.3717179923368192
3,CD14 monocyte,program_shannon,0.5617584355901086,0.5617584355901086
3,CD14 monocyte,program_renyi2,1.4180916592133692,1.4180916592133692
3,CD14 monocyte,program_simpson,0.23509341174417714,0.23509341174417714
3,CD14 monocyte,program_hhi,-0.23508431135684055,0.23508431135684055
3,CD14 monocyte,program_participation,0.10196671760663178,0.10196671760663178
3,CD14 monocyte,program_gini,1.789985972714866,1.789985972714866
3,CD14 monocyte,program_detected,0.0,0.0
3,CD14 monocyte,apg_entropy_norm,0.5878398460193189,0.5878398460193189
3,CD14 monocyte,apg_cmax,-1.0375700441774778,1.0375700441774778
3,CD14 monocyte,apg_c2,1.332350698112855,1.332350698112855
3,CD14 monocyte,apg_neff,0.09176611520660746,0.09176611520660746
3,CD14 monocyte,apg_pr,-0.4139974093131431,0.4139974093131431
3,CD14 monocyte,apg_d_2_25,0.2598775369252413,0.2598775369252413
3,CD14 monocyte,apg_d_2_5,-0.09183718778781949,0.09183718778781949
3,CD14 monocyte,apg_d_3_0,-0.7602400447664345,0.7602400447664345
3,CD14 monocyte,apg_d_4_0,-1.3323506981088364,1.3323506981088364
3,CD14 monocyte,apg_d_5_0,-0.19455683702529616,0.19455683702529616
3,CD14 monocyte,apg_d_6_0,2.6761758865110603,2.6761758865110603
3,CD14 monocyte,apg_integrated_2_6,-0.2657323217340745,0.2657323217340745
3,CD14 monocyte,program_apg_entropy_norm,0.2886421663058501,0.2886421663058501
3,CD14 monocyte,program_apg_cmax,0.4278942003404737,0.4278942003404737
3,CD14 monocyte,program_apg_c2,-0.05611872727709236,0.05611872727709236
3,CD14 monocyte,program_apg_neff,0.4659906516567257,0.4659906516567257
3,CD14 monocyte,program_apg_pr,0.7439332304504779,0.7439332304504779
3,CD14 monocyte,program_apg_d_2_25,0.047062482724895154,0.047062482724895154
3,CD14 monocyte,program_apg_d_2_5,-0.08594719932945448,0.08594719932945448
3,CD14 monocyte,program_apg_d_3_0,-0.12084784196116334,0.12084784196116334
3,CD14 monocyte,program_apg_d_4_0,0.05611926673682242,0.05611926673682242
3,CD14 monocyte,program_apg_d_5_0,-0.09389475853913837,0.09389475853913837
3,CD14 monocyte,program_apg_d_6_0,-0.6978741379312928,0.6978741379312928
3,CD14 monocyte,program_apg_integrated_2_6,-0.16581115822488807,0.16581115822488807
3,CD4 T,shannon,0.7341819568320777,0.7341819568320777
3,CD4 T,renyi2,0.6674006981705214,0.6674006981705214
3,CD4 T,simpson,0.680675349466843,0.680675349466843
3,CD4 T,hhi,-0.6806753494695245,0.6806753494695245
3,CD4 T,participation,-0.0898678711727406,0.0898678711727406
3,CD4 T,gini,0.4060280985674665,0.4060280985674665
3,CD4 T,detected,-0.9226636473069199,0.9226636473069199
3,CD4 T,program_shannon,0.7816391760540562,0.7816391760540562
3,CD4 T,program_renyi2,-0.34014845367536795,0.34014845367536795
3,CD4 T,program_simpson,0.05009277709927942,0.05009277709927942
3,CD4 T,program_hhi,-0.050096331867060105,0.050096331867060105
3,CD4 T,program_participation,0.03842786597180451,0.03842786597180451
3,CD4 T,program_gini,1.177902401696511,1.177902401696511
3,CD4 T,program_detected,0.0,0.0
3,CD4 T,apg_entropy_norm,0.43203904268974325,0.43203904268974325
3,CD4 T,apg_cmax,0.1493088916036081,0.1493088916036081
3,CD4 T,apg_c2,0.7658142651739944,0.7658142651739944
3,CD4 T,apg_neff,0.5836299106948047,0.5836299106948047
3,CD4 T,apg_pr,-0.1813619760186162,0.1813619760186162
3,CD4 T,apg_d_2_25,0.2812152789010464,0.2812152789010464
3,CD4 T,apg_d_2_5,0.10657105571191618,0.10657105571191618
3,CD4 T,apg_d_3_0,-0.260720857067537,0.260720857067537
3,CD4 T,apg_d_4_0,-0.7658142651791782,0.7658142651791782
3,CD4 T,apg_d_5_0,-0.593367376532677,0.593367376532677
3,CD4 T,apg_d_6_0,0.427624875174949,0.427624875174949
3,CD4 T,apg_integrated_2_6,-0.004697769459321287,0.004697769459321287
3,CD4 T,program_apg_entropy_norm,0.30646187878920017,0.30646187878920017
3,CD4 T,program_apg_cmax,3.151105150622361,3.151105150622361
3,CD4 T,program_apg_c2,-0.24717677669390137,0.24717677669390137
3,CD4 T,program_apg_neff,0.004843561090433961,0.004843561090433961
3,CD4 T,program_apg_pr,-2.420191736140924,2.420191736140924
3,CD4 T,program_apg_d_2_25,0.46422225354239494,0.46422225354239494
3,CD4 T,program_apg_d_2_5,0.550490546888303,0.550490546888303
3,CD4 T,program_apg_d_3_0,0.5486991335115784,0.5486991335115784
3,CD4 T,program_apg_d_4_0,0.2471774580423393,0.2471774580423393
3,CD4 T,program_apg_d_5_0,0.023964374974699422,0.023964374974699422
3,CD4 T,program_apg_d_6_0,0.04375187636992234,0.04375187636992234
3,CD4 T,program_apg_integrated_2_6,0.18978777920361772,0.18978777920361772
3,CD8 T,shannon,-0.4798251963466007,0.4798251963466007
3,CD8 T,renyi2,-0.1266306402483415,0.1266306402483415
3,CD8 T,simpson,-0.2882118819470335,0.2882118819470335
3,CD8 T,hhi,0.2882118819481753,0.2882118819481753
3,CD8 T,participation,-0.20048240530412667,0.20048240530412667
3,CD8 T,gini,0.5579048194073668,0.5579048194073668
3,CD8 T,detected,-0.8907904373939506,0.8907904373939506
3,CD8 T,program_shannon,-0.06631720695072059,0.06631720695072059
3,CD8 T,program_renyi2,1.1714298712495632,1.1714298712495632
3,CD8 T,program_simpson,-0.3591747581867141,0.3591747581867141
3,CD8 T,program_hhi,0.35917700911262807,0.35917700911262807
3,CD8 T,program_participation,1.8485126138133943,1.8485126138133943
3,CD8 T,program_gini,0.8996139037372816,0.8996139037372816
3,CD8 T,program_detected,0.0,0.0
3,CD8 T,apg_entropy_norm,0.5559581717538602,0.5559581717538602
3,CD8 T,apg_cmax,0.500151401828364,0.500151401828364
3,CD8 T,apg_c2,-0.5553209922195956,0.5553209922195956
3,CD8 T,apg_neff,0.24909744159810582,0.24909744159810582
3,CD8 T,apg_pr,-1.8386040461354625,1.8386040461354625
3,CD8 T,apg_d_2_25,0.6791947181983327,0.6791947181983327
3,CD8 T,apg_d_2_5,0.7688920304955076,0.7688920304955076
3,CD8 T,apg_d_3_0,0.8379215303746199,0.8379215303746199
3,CD8 T,apg_d_4_0,0.5553209922135622,0.5553209922135622
3,CD8 T,apg_d_5_0,-0.055891060268399455,0.055891060268399455
3,CD8 T,apg_d_6_0,-0.5533375607209214,0.5533375607209214
3,CD8 T,apg_integrated_2_6,0.7555770538202232,0.7555770538202232
3,CD8 T,program_apg_entropy_norm,1.1277558563025452,1.1277558563025452
3,CD8 T,program_apg_cmax,0.21316957618247642,0.21316957618247642
3,CD8 T,program_apg_c2,0.04123240794490578,0.04123240794490578
3,CD8 T,program_apg_neff,-0.5578368490521776,0.5578368490521776
3,CD8 T,program_apg_pr,-2.8190089207646563,2.8190089207646563
3,CD8 T,program_apg_d_2_25,0.9003115833695458,0.9003115833695458
3,CD8 T,program_apg_d_2_5,0.69469144747874,0.69469144747874
3,CD8 T,program_apg_d_3_0,0.3670335101318973,0.3670335101318973
3,CD8 T,program_apg_d_4_0,-0.041233526221121614,0.041233526221121614
3,CD8 T,program_apg_d_5_0,-0.3398652027986335,0.3398652027986335
3,CD8 T,program_apg_d_6_0,-0.6777488832997268,0.6777488832997268
3,CD8 T,program_apg_integrated_2_6,-0.1642795603174352,0.1642795603174352
3,Dendritic,shannon,0.4938256252333494,0.4938256252333494
3,Dendritic,renyi2,0.03810316577714932,0.03810316577714932
3,Dendritic,simpson,-1.4408532248223698,1.4408532248223698
3,Dendritic,hhi,1.4408532248197017,1.4408532248197017
3,Dendritic,participation,0.26447981629225914,0.26447981629225914
3,Dendritic,gini,0.08192471381539312,0.08192471381539312
3,Dendritic,detected,2.868478113400352,2.868478113400352
3,Dendritic,program_shannon,1.9851426412019768,1.9851426412019768
3,Dendritic,program_renyi2,-0.44553551986046985,0.44553551986046985
3,Dendritic,program_simpson,-0.5822196709015149,0.5822196709015149
3,Dendritic,program_hhi,0.5822245650722379,0.5822245650722379
3,Dendritic,program_participation,-1.9113789537733554,1.9113789537733554
3,Dendritic,program_gini,0.6846613791555834,0.6846613791555834
3,Dendritic,program_detected,0.0,0.0
3,Dendritic,apg_entropy_norm,-0.5814506384357518,0.5814506384357518
3,Dendritic,apg_cmax,-0.5329148044413659,0.5329148044413659
3,Dendritic,apg_c2,-1.5191618428474847,1.5191618428474847
3,Dendritic,apg_neff,-2.304692559246619,2.304692559246619
3,Dendritic,apg_pr,-0.4200901808659847,0.4200901808659847
3,Dendritic,apg_d_2_25,-0.532350251574177,0.532350251574177
3,Dendritic,apg_d_2_5,-0.3714572953258095,0.3714572953258095
3,Dendritic,apg_d_3_0,0.197822115094223,0.197822115094223
3,Dendritic,apg_d_4_0,1.5191618428378098,1.5191618428378098
3,Dendritic,apg_d_5_0,1.5404622034434687,1.5404622034434687
3,Dendritic,apg_d_6_0,-0.9426937198986378,0.9426937198986378
3,Dendritic,apg_integrated_2_6,-0.14330277388056284,0.14330277388056284
3,Dendritic,program_apg_entropy_norm,0.3440087332784571,0.3440087332784571
3,Dendritic,program_apg_cmax,5.393528720196364,5.393528720196364
3,Dendritic,program_apg_c2,-1.129451713767598,1.129451713767598
3,Dendritic,program_apg_neff,1.3962636986597754,1.3962636986597754
3,Dendritic,program_apg_pr,0.385340002623187,0.385340002623187
3,Dendritic,program_apg_d_2_25,0.8522771986539892,0.8522771986539892
3,Dendritic,program_apg_d_2_5,1.2494081533342143,1.2494081533342143
3,Dendritic,program_apg_d_3_0,1.6436192002307213,1.6436192002307213
3,Dendritic,program_apg_d_4_0,1.12945290795407,1.12945290795407
3,Dendritic,program_apg_d_5_0,-0.21111421825114543,0.21111421825114543
3,Dendritic,program_apg_d_6_0,-1.6893649132406547,1.6893649132406547
3,Dendritic,program_apg_integrated_2_6,0.21874522016263925,0.21874522016263925
3,FCGR3A monocyte,shannon,0.8688421858324712,0.8688421858324712
3,FCGR3A monocyte,renyi2,0.4463425018937546,0.4463425018937546
3,FCGR3A monocyte,simpson,1.0176430498001932,1.0176430498001932
3,FCGR3A monocyte,hhi,-1.017643049791963,1.017643049791963
3,FCGR3A monocyte,participation,0.3451562629612153,0.3451562629612153
3,FCGR3A monocyte,gini,3.823270175159336,3.823270175159336
3,FCGR3A monocyte,detected,-0.44810684505450404,0.44810684505450404
3,FCGR3A monocyte,program_shannon,1.6529601725535894,1.6529601725535894
3,FCGR3A monocyte,program_renyi2,0.9555214199452429,0.9555214199452429
3,FCGR3A monocyte,program_simpson,-0.42401140491924244,0.42401140491924244
3,FCGR3A monocyte,program_hhi,0.42401964622951127,0.42401964622951127
3,FCGR3A monocyte,program_participation,-0.08288789979372278,0.08288789979372278
3,FCGR3A monocyte,program_gini,1.1878212894529137,1.1878212894529137
3,FCGR3A monocyte,program_detected,0.0,0.0
3,FCGR3A monocyte,apg_entropy_norm,-0.12532967619041632,0.12532967619041632
3,FCGR3A monocyte,apg_cmax,0.40645397174620584,0.40645397174620584
3,FCGR3A monocyte,apg_c2,1.1763912483530399,1.1763912483530399
3,FCGR3A monocyte,apg_neff,1.82812253220677,1.82812253220677
3,FCGR3A monocyte,apg_pr,4.00747823088295,4.00747823088295
3,FCGR3A monocyte,apg_d_2_25,-0.3761491581036709,0.3761491581036709
3,FCGR3A monocyte,apg_d_2_5,-0.6142101086887818,0.6142101086887818
3,FCGR3A monocyte,apg_d_3_0,-0.9966285685327694,0.9966285685327694
3,FCGR3A monocyte,apg_d_4_0,-1.1763912483532826,1.1763912483532826
3,FCGR3A monocyte,apg_d_5_0,-0.4810476978375811,0.4810476978375811
3,FCGR3A monocyte,apg_d_6_0,1.009579847607003,1.009579847607003
3,FCGR3A monocyte,apg_integrated_2_6,-0.6976304765002073,0.6976304765002073
3,FCGR3A monocyte,program_apg_entropy_norm,-0.05125996706437495,0.05125996706437495
3,FCGR3A monocyte,program_apg_cmax,3.4947376896586437,3.4947376896586437
3,FCGR3A monocyte,program_apg_c2,-0.3291626043131155,0.3291626043131155
3,FCGR3A monocyte,program_apg_neff,-0.770973206914807,0.770973206914807
3,FCGR3A monocyte,program_apg_pr,3.3252423535793794,3.3252423535793794
3,FCGR3A monocyte,program_apg_d_2_25,0.18086824425565012,0.18086824425565012
3,FCGR3A monocyte,program_apg_d_2_5,0.38235625551490016,0.38235625551490016
3,FCGR3A monocyte,program_apg_d_3_0,0.5994235316270746,0.5994235316270746
3,FCGR3A monocyte,program_apg_d_4_0,0.32915681669270885,0.32915681669270885
3,FCGR3A monocyte,program_apg_d_5_0,-0.38859607352179965,0.38859607352179965
3,FCGR3A monocyte,program_apg_d_6_0,-1.1108254443178096,1.1108254443178096
3,FCGR3A monocyte,program_apg_integrated_2_6,-0.1473962973014524,0.1473962973014524
3,NK,shannon,-1.5453455775909197,1.5453455775909197
3,NK,renyi2,-0.8114487881363966,0.8114487881363966
3,NK,simpson,-1.5505971408998709,1.5505971408998709
3,NK,hhi,1.5505971409043409,1.5505971409043409
3,NK,participation,-0.7158562196764793,0.7158562196764793
3,NK,gini,-3.040908282476918,3.040908282476918
3,NK,detected,-1.6603744922119033,1.6603744922119033
3,NK,program_shannon,2.3762753404636974,2.3762753404636974
3,NK,program_renyi2,0.9678497414559091,0.9678497414559091
3,NK,program_simpson,0.23915034128291862,0.23915034128291862
3,NK,program_hhi,-0.23914725993191285,0.23914725993191285
3,NK,program_participation,1.5335015916675936,1.5335015916675936
3,NK,program_gini,1.7422438410101255,1.7422438410101255
3,NK,program_detected,0.0,0.0
3,NK,apg_entropy_norm,0.4032349469741827,0.4032349469741827
3,NK,apg_cmax,1.1033634517456918,1.1033634517456918
3,NK,apg_c2,-1.551828128823471,1.551828128823471
3,NK,apg_neff,-0.47459174880590593,0.47459174880590593
3,NK,apg_pr,-1.6368570788833041,1.6368570788833041
3,NK,apg_d_2_25,0.6554920219044837,0.6554920219044837
3,NK,apg_d_2_5,0.8893182403256261,0.8893182403256261
3,NK,apg_d_3_0,1.2750422217575959,1.2750422217575959
3,NK,apg_d_4_0,1.551828128822816,1.551828128822816
3,NK,apg_d_5_0,0.9950666273382576,0.9950666273382576
3,NK,apg_d_6_0,-0.2916096811436641,0.2916096811436641
3,NK,apg_integrated_2_6,0.980778618079528,0.980778618079528
3,NK,program_apg_entropy_norm,-1.2813704883991137,1.2813704883991137
3,NK,program_apg_cmax,-1.6378231541056893,1.6378231541056893
3,NK,program_apg_c2,-0.7970906250430593,0.7970906250430593
3,NK,program_apg_neff,-1.970597974130032,1.970597974130032
3,NK,program_apg_pr,-2.2153249966020216,2.2153249966020216
3,NK,program_apg_d_2_25,-1.2702735297768117,1.2702735297768117
3,NK,program_apg_d_2_5,-1.1011534676091541,1.1011534676091541
3,NK,program_apg_d_3_0,-0.5087744312348933,0.5087744312348933
3,NK,program_apg_d_4_0,0.7970913940099248,0.7970913940099248
3,NK,program_apg_d_5_0,1.6766956467062295,1.6766956467062295
3,NK,program_apg_d_6_0,2.1363379049931033,2.1363379049931033
3,NK,program_apg_integrated_2_6,1.0677806246398012,1.0677806246398012
3,Platelet,shannon,-0.7143648505811597,0.7143648505811597
3,Platelet,renyi2,-0.2486349748571538,0.2486349748571538
3,Platelet,simpson,0.3929353697539042,0.3929353697539042
3,Platelet,hhi,-0.39293536975574156,0.39293536975574156
3,Platelet,participation,-0.40531484201958745,0.40531484201958745
3,Platelet,gini,-0.36181957822334837,0.36181957822334837
3,Platelet,detected,-1.553938644478933,1.553938644478933
3,Platelet,program_shannon,-1.1885803272137598,1.1885803272137598
3,Platelet,program_renyi2,0.3310938586702526,0.3310938586702526
3,Platelet,program_simpson,0.208157739961774,0.208157739961774
3,Platelet,program_hhi,-0.20817295968607802,0.20817295968607802
3,Platelet,program_participation,-2.697588635628525,2.697588635628525
3,Platelet,program_gini,-1.4994801820219925,1.4994801820219925
3,Platelet,program_detected,0.0,0.0
3,Platelet,apg_entropy_norm,0.5496920236804094,0.5496920236804094
3,Platelet,apg_cmax,0.15815310955592515,0.15815310955592515
3,Platelet,apg_c2,-0.51568058162892,0.51568058162892
3,Platelet,apg_neff,0.5560093530851347,0.5560093530851347
3,Platelet,apg_pr,-0.6376618881863796,0.6376618881863796
3,Platelet,apg_d_2_25,0.7234144572974205,0.7234144572974205
3,Platelet,apg_d_2_5,0.8477578420565919,0.8477578420565919
3,Platelet,apg_d_3_0,0.9403051385550765,0.9403051385550765
3,Platelet,apg_d_4_0,0.5156805816313371,0.5156805816313371
3,Platelet,apg_d_5_0,-0.6340754454628488,0.6340754454628488
3,Platelet,apg_d_6_0,-2.4235562118975253,2.4235562118975253
3,Platelet,apg_integrated_2_6,0.8248170481740532,0.8248170481740532
3,Platelet,program_apg_entropy_norm,1.7853894083581465,1.7853894083581465
3,Platelet,program_apg_cmax,1.7414143917770288,1.7414143917770288
3,Platelet,program_apg_c2,0.37367139381233183,0.37367139381233183
3,Platelet,program_apg_neff,-1.8579555923334021,1.8579555923334021
3,Platelet,program_apg_pr,1.6060990433272975,1.6060990433272975
3,Platelet,program_apg_d_2_25,1.972419248759606,1.972419248759606
3,Platelet,program_apg_d_2_5,1.9225836536928478,1.9225836536928478
3,Platelet,program_apg_d_3_0,1.3439818857253196,1.3439818857253196
3,Platelet,program_apg_d_4_0,-0.3736719286183307,0.3736719286183307
3,Platelet,program_apg_d_5_0,-1.5091009279608334,1.5091009279608334
3,Platelet,program_apg_d_6_0,-1.6825992933101417,1.6825992933101417
3,Platelet,program_apg_integrated_2_6,-0.6490489998813807,0.6490489998813807
4,B cell,shannon,-0.932612046039667,0.932612046039667
4,B cell,renyi2,-1.0229064682164561,1.0229064682164561
4,B cell,simpson,3.8610340547106996,3.8610340547106996
4,B cell,hhi,-3.8610340547128428,3.8610340547128428
4,B cell,participation,1.2384396115758274,1.2384396115758274
4,B cell,gini,0.7822314282034619,0.7822314282034619
4,B cell,detected,-0.49422189660599225,0.49422189660599225
4,B cell,program_shannon,-2.527842237283493,2.527842237283493
4,B cell,program_renyi2,-1.0168957788329274,1.0168957788329274
4,B cell,program_simpson,0.7401825601428564,0.7401825601428564
4,B cell,program_hhi,-0.7401917548593842,0.7401917548593842
4,B cell,program_participation,0.5417101780019105,0.5417101780019105
4,B cell,program_gini,-1.5058808359916205,1.5058808359916205
4,B cell,program_detected,0.0,0.0
4,B cell,apg_entropy_norm,-1.1266861200718363,1.1266861200718363
4,B cell,apg_cmax,-0.12718375932222814,0.12718375932222814
4,B cell,apg_c2,1.1372106060590434,1.1372106060590434
4,B cell,apg_neff,2.479463677353668,2.479463677353668
4,B cell,apg_pr,1.422728336989024,1.422728336989024
4,B cell,apg_d_2_25,-1.2072183240702674,1.2072183240702674
4,B cell,apg_d_2_5,-1.267213678359386,1.267213678359386
4,B cell,apg_d_3_0,-1.318276754685126,1.318276754685126
4,B cell,apg_d_4_0,-1.137210606067998,1.137210606067998
4,B cell,apg_d_5_0,-0.6191638941512856,0.6191638941512856
4,B cell,apg_d_6_0,0.12604621582197742,0.12604621582197742
4,B cell,apg_integrated_2_6,-1.2612994616174729,1.2612994616174729
4,B cell,program_apg_entropy_norm,-0.5592537621088218,0.5592537621088218
4,B cell,program_apg_cmax,0.849303815412485,0.849303815412485
4,B cell,program_apg_c2,-0.27729264390580755,0.27729264390580755
4,B cell,program_apg_neff,-1.629142981688641,1.629142981688641
4,B cell,program_apg_pr,-0.9982307077378191,0.9982307077378191
4,B cell,program_apg_d_2_25,-0.6095248551167187,0.6095248551167187
4,B cell,program_apg_d_2_5,-0.6482868106988606,0.6482868106988606
4,B cell,program_apg_d_3_0,-0.5735737641394424,0.5735737641394424
4,B cell,program_apg_d_4_0,0.2772914081252738,0.2772914081252738
4,B cell,program_apg_d_5_0,1.572578803482224,1.572578803482224
4,B cell,program_apg_d_6_0,2.81729970049925,2.81729970049925
4,B cell,program_apg_integrated_2_6,1.0306469795094124,1.0306469795094124
4,CD14 monocyte,shannon,1.5867831510389485,1.5867831510389485
4,CD14 monocyte,renyi2,1.372855391871635,1.372855391871635
4,CD14 monocyte,simpson,-1.7389831541068366,1.7389831541068366
4,CD14 monocyte,hhi,1.7389831541095282,1.7389831541095282
4,CD14 monocyte,participation,-0.040740448838196046,0.040740448838196046
4,CD14 monocyte,gini,0.790955063606286,0.790955063606286
4,CD14 monocyte,detected,-0.7019420909549435,0.7019420909549435
4,CD14 monocyte,program_shannon,0.43596067398325006,0.43596067398325006
4,CD14 monocyte,program_renyi2,1.633758761540292,1.633758761540292
4,CD14 monocyte,program_simpson,-0.030739671309607575,0.030739671309607575
4,CD14 monocyte,program_hhi,0.030744040204599525,0.030744040204599525
4,CD14 monocyte,program_participation,-0.3700067835010927,0.3700067835010927
4,CD14 monocyte,program_gini,1.1247052174330971,1.1247052174330971
4,CD14 monocyte,program_detected,0.0,0.0
4,CD14 monocyte,apg_entropy_norm,0.8200710229558675,0.8200710229558675
4,CD14 monocyte,apg_cmax,-1.1704990979995593,1.1704990979995593
4,CD14 monocyte,apg_c2,1.3860675292724232,1.3860675292724232
4,CD14 monocyte,apg_neff,0.3213637178595098,0.3213637178595098
4,CD14 monocyte,apg_pr,-0.8001918267479,0.8001918267479
4,CD14 monocyte,apg_d_2_25,0.46260981981337873,0.46260981981337873
4,CD14 monocyte,apg_d_2_5,0.07320144480435918,0.07320144480435918
4,CD14 monocyte,apg_d_3_0,-0.6796857898511592,0.6796857898511592
4,CD14 monocyte,apg_d_4_0,-1.3860675292645788,1.3860675292645788
4,CD14 monocyte,apg_d_5_0,-0.30553578146328775,0.30553578146328775
4,CD14 monocyte,apg_d_6_0,2.493114444686197,2.493114444686197
4,CD14 monocyte,apg_integrated_2_6,-0.12794916111256296,0.12794916111256296
4,CD14 monocyte,program_apg_entropy_norm,0.4594914000154075,0.4594914000154075
4,CD14 monocyte,program_apg_cmax,0.7510019499381565,0.7510019499381565
4,CD14 monocyte,program_apg_c2,-0.2485568383181546,0.2485568383181546
4,CD14 monocyte,program_apg_neff,-0.015350280366706784,0.015350280366706784
4,CD14 monocyte,program_apg_pr,0.76875540164299,0.76875540164299
4,CD14 monocyte,program_apg_d_2_25,0.2201642285121444,0.2201642285121444
4,CD14 monocyte,program_apg_d_2_5,0.09670110891279302,0.09670110891279302
4,CD14 monocyte,program_apg_d_3_0,0.08597341837588128,0.08597341837588128
4,CD14 monocyte,program_apg_d_4_0,0.24855811555017343,0.24855811555017343
4,CD14 monocyte,program_apg_d_5_0,-0.034538442353086826,0.034538442353086826
4,CD14 monocyte,program_apg_d_6_0,-0.858830762798088,0.858830762798088
4,CD14 monocyte,program_apg_integrated_2_6,-0.08315249844854873,0.08315249844854873
4,CD4 T,shannon,1.0333488491442862,1.0333488491442862
4,CD4 T,renyi2,0.8403027165328157,0.8403027165328157
4,CD4 T,simpson,0.9264116251292517,0.9264116251292517
4,CD4 T,hhi,-0.9264116251242889,0.9264116251242889
4,CD4 T,participation,-0.08731856077122008,0.08731856077122008
4,CD4 T,gini,0.8757915996659525,0.8757915996659525
4,CD4 T,detected,-0.772882408685375,0.772882408685375
4,CD4 T,program_shannon,1.0106297524855816,1.0106297524855816
4,CD4 T,program_renyi2,-0.25851293684761995,0.25851293684761995
4,CD4 T,program_simpson,-0.10344844339482902,0.10344844339482902
4,CD4 T,program_hhi,0.10344162123360826,0.10344162123360826
4,CD4 T,program_participation,-0.7724397203193791,0.7724397203193791
4,CD4 T,program_gini,0.9992811534491117,0.9992811534491117
4,CD4 T,program_detected,0.0,0.0
4,CD4 T,apg_entropy_norm,0.38895489635695457,0.38895489635695457
4,CD4 T,apg_cmax,0.18325272683605082,0.18325272683605082
4,CD4 T,apg_c2,1.018092337650875,1.018092337650875
4,CD4 T,apg_neff,0.5366633380278196,0.5366633380278196
4,CD4 T,apg_pr,0.1575431880989777,0.1575431880989777
4,CD4 T,apg_d_2_25,0.19678298042564252,0.19678298042564252
4,CD4 T,apg_d_2_5,-0.019631074405295077,0.019631074405295077
4,CD4 T,apg_d_3_0,-0.4622672719897858,0.4622672719897858
4,CD4 T,apg_d_4_0,-1.0180923376581639,1.0180923376581639
4,CD4 T,apg_d_5_0,-0.6728860026049455,0.6728860026049455
4,CD4 T,apg_d_6_0,0.7574413889095029,0.7574413889095029
4,CD4 T,apg_integrated_2_6,-0.14925495740145753,0.14925495740145753
4,CD4 T,program_apg_entropy_norm,0.47012685360125683,0.47012685360125683
4,CD4 T,program_apg_cmax,3.563413042193144,3.563413042193144
4,CD4 T,program_apg_c2,-0.3518033110651729,0.3518033110651729
4,CD4 T,program_apg_neff,0.1108813542200553,0.1108813542200553
4,CD4 T,program_apg_pr,-2.400050122421894,2.400050122421894
4,CD4 T,program_apg_d_2_25,0.6631926751545384,0.6631926751545384
4,CD4 T,program_apg_d_2_5,0.7647456403222574,0.7647456403222574
4,CD4 T,program_apg_d_3_0,0.7520681663237658,0.7520681663237658
4,CD4 T,program_apg_d_4_0,0.3518039743934057,0.3518039743934057
4,CD4 T,program_apg_d_5_0,0.016354510048351725,0.016354510048351725
4,CD4 T,program_apg_d_6_0,-0.053763896039314155,0.053763896039314155
4,CD4 T,program_apg_integrated_2_6,0.23758679378963948,0.23758679378963948
4,CD8 T,shannon,-0.7951684052223515,0.7951684052223515
4,CD8 T,renyi2,-0.3318256519888159,0.3318256519888159
4,CD8 T,simpson,-0.16613923225018704,0.16613923225018704
4,CD8 T,hhi,0.16613923225252195,0.16613923225252195
4,CD8 T,participation,-0.2507644770679112,0.2507644770679112
4,CD8 T,gini,0.3473393604213806,0.3473393604213806
4,CD8 T,detected,-1.0972446300210186,1.0972446300210186
4,CD8 T,program_shannon,0.21450442897344932,0.21450442897344932
4,CD8 T,program_renyi2,0.745541270115684,0.745541270115684
4,CD8 T,program_simpson,-0.3523012123478973,0.3523012123478973
4,CD8 T,program_hhi,0.35230487516087955,0.35230487516087955
4,CD8 T,program_participation,1.3447576622930077,1.3447576622930077
4,CD8 T,program_gini,0.6700626673061343,0.6700626673061343
4,CD8 T,program_detected,0.0,0.0
4,CD8 T,apg_entropy_norm,0.5698821535525485,0.5698821535525485
4,CD8 T,apg_cmax,0.4923740001506073,0.4923740001506073
4,CD8 T,apg_c2,-0.5657308167607249,0.5657308167607249
4,CD8 T,apg_neff,0.3513702652852066,0.3513702652852066
4,CD8 T,apg_pr,-1.836275307794904,1.836275307794904
4,CD8 T,apg_d_2_25,0.739193183151672,0.739193183151672
4,CD8 T,apg_d_2_5,0.8645552871196686,0.8645552871196686
4,CD8 T,apg_d_3_0,0.9630574788819816,0.9630574788819816
4,CD8 T,apg_d_4_0,0.5657308167523618,0.5657308167523618
4,CD8 T,apg_d_5_0,-0.2254340917585906,0.2254340917585906
4,CD8 T,apg_d_6_0,-0.590373932871338,0.590373932871338
4,CD8 T,apg_integrated_2_6,0.8465261916616812,0.8465261916616812
4,CD8 T,program_apg_entropy_norm,1.1455910219207792,1.1455910219207792
4,CD8 T,program_apg_cmax,0.4700503950879396,0.4700503950879396
4,CD8 T,program_apg_c2,-0.0719656259738747,0.0719656259738747
4,CD8 T,program_apg_neff,-0.5448473280001266,0.5448473280001266
4,CD8 T,program_apg_pr,-2.550932464509587,2.550932464509587
4,CD8 T,program_apg_d_2_25,1.0220824533364914,1.0220824533364914
4,CD8 T,program_apg_d_2_5,0.880920845837599,0.880920845837599
4,CD8 T,program_apg_d_3_0,0.5905872806600677,0.5905872806600677
4,CD8 T,program_apg_d_4_0,0.07196312731642822,0.07196312731642822
4,CD8 T,program_apg_d_5_0,-0.40494279101618086,0.40494279101618086
4,CD8 T,program_apg_d_6_0,-0.9285030356520043,0.9285030356520043
4,CD8 T,program_apg_integrated_2_6,-0.1618687845863149,0.1618687845863149
4,Dendritic,shannon,0.9025486030573664,0.9025486030573664
4,Dendritic,renyi2,0.3222768693733983,0.3222768693733983
4,Dendritic,simpson,-1.9128508340517678,1.9128508340517678
4,Dendritic,hhi,1.91285083405217,1.91285083405217
4,Dendritic,participation,0.050621990169346896,0.050621990169346896
4,Dendritic,gini,0.27644187431726014,0.27644187431726014
4,Dendritic,detected,3.1379299020163507,3.1379299020163507
4,Dendritic,program_shannon,1.3483923196039564,1.3483923196039564
4,Dendritic,program_renyi2,-0.03171494561107084,0.03171494561107084
4,Dendritic,program_simpson,-0.3064082836618621,0.3064082836618621
4,Dendritic,program_hhi,0.30641618990892827,0.30641618990892827
4,Dendritic,program_participation,-1.5122016521123396,1.5122016521123396
4,Dendritic,program_gini,0.6929184151300334,0.6929184151300334
4,Dendritic,program_detected,0.0,0.0
4,Dendritic,apg_entropy_norm,-0.4929149654943744,0.4929149654943744
4,Dendritic,apg_cmax,-0.37747592595807283,0.37747592595807283
4,Dendritic,apg_c2,-1.66437410944832,1.66437410944832
4,Dendritic,apg_neff,-2.8717881600931467,2.8717881600931467
4,Dendritic,apg_pr,0.07365912574251562,0.07365912574251562
4,Dendritic,apg_d_2_25,-0.45090673421055927,0.45090673421055927
4,Dendritic,apg_d_2_5,-0.2891568497193055,0.2891568497193055
4,Dendritic,apg_d_3_0,0.29914066728620115,0.29914066728620115
4,Dendritic,apg_d_4_0,1.6643741094421323,1.6643741094421323
4,Dendritic,apg_d_5_0,1.611447360813222,1.611447360813222
4,Dendritic,apg_d_6_0,-1.1787592733704007,1.1787592733704007
4,Dendritic,apg_integrated_2_6,-0.052394958116780674,0.052394958116780674
4,Dendritic,program_apg_entropy_norm,0.43814488017109576,0.43814488017109576
4,Dendritic,program_apg_cmax,4.691466786145418,4.691466786145418
4,Dendritic,program_apg_c2,-0.9729245337748956,0.9729245337748956
4,Dendritic,program_apg_neff,0.6838737016732269,0.6838737016732269
4,Dendritic,program_apg_pr,0.5597177605616516,0.5597177605616516
4,Dendritic,program_apg_d_2_25,0.8723183449146866,0.8723183449146866
4,Dendritic,program_apg_d_2_5,1.213639143798322,1.213639143798322
4,Dendritic,program_apg_d_3_0,1.5395164544230737,1.5395164544230737
4,Dendritic,program_apg_d_4_0,0.9729235473292291,0.9729235473292291
4,Dendritic,program_apg_d_5_0,-0.3969230136507181,0.3969230136507181
4,Dendritic,program_apg_d_6_0,-1.8968894235566607,1.8968894235566607
4,Dendritic,program_apg_integrated_2_6,0.056218825903365896,0.056218825903365896
4,FCGR3A monocyte,shannon,0.41579335684001084,0.41579335684001084
4,FCGR3A monocyte,renyi2,0.1540050467731141,0.1540050467731141
4,FCGR3A monocyte,simpson,0.9014619037917551,0.9014619037917551
4,FCGR3A monocyte,hhi,-0.9014619037899854,0.9014619037899854
4,FCGR3A monocyte,participation,0.4544274073832863,0.4544274073832863
4,FCGR3A monocyte,gini,3.3624433580144237,3.3624433580144237
4,FCGR3A monocyte,detected,-0.6185136353033043,0.6185136353033043
4,FCGR3A monocyte,program_shannon,1.4881360879800547,1.4881360879800547
4,FCGR3A monocyte,program_renyi2,0.6917634671898386,0.6917634671898386
4,FCGR3A monocyte,program_simpson,-0.29280324027213844,0.29280324027213844
4,FCGR3A monocyte,program_hhi,0.29280887799971317,0.29280887799971317
4,FCGR3A monocyte,program_participation,0.24864476972701496,0.24864476972701496
4,FCGR3A monocyte,program_gini,1.3551035065636066,1.3551035065636066
4,FCGR3A monocyte,program_detected,0.0,0.0
4,FCGR3A monocyte,apg_entropy_norm,-0.13279306730865054,0.13279306730865054
4,FCGR3A monocyte,apg_cmax,0.3129178943144462,0.3129178943144462
4,FCGR3A monocyte,apg_c2,0.8819140667164916,0.8819140667164916
4,FCGR3A monocyte,apg_neff,2.0917358983294885,2.0917358983294885
4,FCGR3A monocyte,apg_pr,3.4075937701018617,3.4075937701018617
4,FCGR3A monocyte,apg_d_2_25,-0.33439682078684174,0.33439682078684174
4,FCGR3A monocyte,apg_d_2_5,-0.5215087625431584,0.5215087625431584
4,FCGR3A monocyte,apg_d_3_0,-0.8063810936281205,0.8063810936281205
4,FCGR3A monocyte,apg_d_4_0,-0.8819140667221855,0.8819140667221855
4,FCGR3A monocyte,apg_d_5_0,-0.33192412452931014,0.33192412452931014
4,FCGR3A monocyte,apg_d_6_0,0.6671246302984868,0.6671246302984868
4,FCGR3A monocyte,apg_integrated_2_6,-0.5782395485279913,0.5782395485279913
4,FCGR3A monocyte,program_apg_entropy_norm,-0.1021800883856652,0.1021800883856652
4,FCGR3A monocyte,program_apg_cmax,2.57092982029919,2.57092982029919
4,FCGR3A monocyte,program_apg_c2,-0.2592118112124174,0.2592118112124174
4,FCGR3A monocyte,program_apg_neff,-0.38525354965520636,0.38525354965520636
4,FCGR3A monocyte,program_apg_pr,2.7132379248956737,2.7132379248956737
4,FCGR3A monocyte,program_apg_d_2_25,0.14642642073675088,0.14642642073675088
4,FCGR3A monocyte,program_apg_d_2_5,0.35823269063765817,0.35823269063765817
4,FCGR3A monocyte,program_apg_d_3_0,0.5775584964508363,0.5775584964508363
4,FCGR3A monocyte,program_apg_d_4_0,0.2592071283057415,0.2592071283057415
4,FCGR3A monocyte,program_apg_d_5_0,-0.537014524432859,0.537014524432859
4,FCGR3A monocyte,program_apg_d_6_0,-1.334008096570486,1.334008096570486
4,FCGR3A monocyte,program_apg_integrated_2_6,-0.2643610608041459,0.2643610608041459
4,NK,shannon,-1.484882452051808,1.484882452051808
4,NK,renyi2,-0.772589970042835,0.772589970042835
4,NK,simpson,-1.7072628661267464,1.7072628661267464
4,NK,hhi,1.7072628661336253,1.7072628661336253
4,NK,participation,-0.5905833059815524,0.5905833059815524
4,NK,gini,-2.8418108170781293,2.8418108170781293
4,NK,detected,-1.5241409384320506,1.5241409384320506
4,NK,program_shannon,2.25185327173032,2.25185327173032
4,NK,program_renyi2,1.0698370909993506,1.0698370909993506
4,NK,program_simpson,0.15067045283310704,0.15067045283310704
4,NK,program_hhi,-0.15066734567443832,0.15066734567443832
4,NK,program_participation,2.1126096504706267,2.1126096504706267
4,NK,program_gini,1.90242401357917,1.90242401357917
4,NK,program_detected,0.0,0.0
4,NK,apg_entropy_norm,0.4149782704180558,0.4149782704180558
4,NK,apg_cmax,1.0702070342827805,1.0702070342827805
4,NK,apg_c2,-1.5113260291256998,1.5113260291256998
4,NK,apg_neff,-0.37256397688048715,0.37256397688048715
4,NK,apg_pr,-1.8225292220018119,1.8225292220018119
4,NK,apg_d_2_25,0.6543117430952755,0.6543117430952755
4,NK,apg_d_2_5,0.876057526599308,0.876057526599308
4,NK,apg_d_3_0,1.241552781131681,1.241552781131681
4,NK,apg_d_4_0,1.5113260291177957,1.5113260291177957
4,NK,apg_d_5_0,1.0391005812796967,1.0391005812796967
4,NK,apg_d_6_0,-0.01995529052769254,0.01995529052769254
4,NK,apg_integrated_2_6,0.9633286720645141,0.9633286720645141
4,NK,program_apg_entropy_norm,-1.1963743829853237,1.1963743829853237
4,NK,program_apg_cmax,-1.4924868515970369,1.4924868515970369
4,NK,program_apg_c2,-0.7972493449202395,0.7972493449202395
4,NK,program_apg_neff,-2.4802307785158026,2.4802307785158026
4,NK,program_apg_pr,-2.3598497826406257,2.3598497826406257
4,NK,program_apg_d_2_25,-1.176673770597756,1.176673770597756
4,NK,program_apg_d_2_5,-1.010675372871166,1.010675372871166
4,NK,program_apg_d_3_0,-0.4496892053278107,0.4496892053278107
4,NK,program_apg_d_4_0,0.7972518372073705,0.7972518372073705
4,NK,program_apg_d_5_0,1.7198310418953024,1.7198310418953024
4,NK,program_apg_d_6_0,2.327849729897696,2.327849729897696
4,NK,program_apg_integrated_2_6,1.131780665739849,1.131780665739849
4,Platelet,shannon,-0.8284223071763772,0.8284223071763772
4,Platelet,renyi2,-0.4087742801642823,0.4087742801642823
4,Platelet,simpson,0.6408884540187855,0.6408884540187855
4,Platelet,hhi,-0.6408884540162625,0.6408884540162625
4,Platelet,participation,-0.4149255869580228,0.4149255869580228
4,Platelet,gini,-0.3721107774611011,0.3721107774611011
4,Platelet,detected,-1.0058921677224222,1.0058921677224222
4,Platelet,program_shannon,-0.8256550836135446,0.8256550836135446
4,Platelet,program_renyi2,-0.04002435925695017,0.04002435925695017
4,Platelet,program_simpson,0.22161552011521457,0.22161552011521457
4,Platelet,program_hhi,-0.22161970976155926,0.22161970976155926
4,Platelet,program_participation,-2.739875866033573,2.739875866033573
4,Platelet,program_gini,-1.3495194698101383,1.3495194698101383
4,Platelet,program_detected,0.0,0.0
4,Platelet,apg_entropy_norm,0.31961103293785265,0.31961103293785265
4,Platelet,apg_cmax,0.25587585642665356,0.25587585642665356
4,Platelet,apg_c2,-0.4796856443165814,0.4796856443165814
4,Platelet,apg_neff,0.328215225025485,0.328215225025485
4,Platelet,apg_pr,-0.35860854859121266,0.35860854859121266
4,Platelet,apg_d_2_25,0.5274898651370815,0.5274898651370815
4,Platelet,apg_d_2_5,0.6869716838074703,0.6869716838074703
4,Platelet,apg_d_3_0,0.8406704209963546,0.8406704209963546
4,Platelet,apg_d_4_0,0.4796856443215416,0.4796856443215416
4,Platelet,apg_d_5_0,-0.6248341011157649,0.6248341011157649
4,Platelet,apg_d_6_0,-2.2253571706983943,2.2253571706983943
4,Platelet,apg_integrated_2_6,0.68006315535738,0.68006315535738
4,Platelet,program_apg_entropy_norm,1.5982580460125944,1.5982580460125944
4,Platelet,program_apg_cmax,1.8806631608656221,1.8806631608656221
4,Platelet,program_apg_c2,0.3884786290279571,0.3884786290279571
4,Platelet,program_apg_neff,-1.3877824631208826,1.3877824631208826
4,Platelet,program_apg_pr,1.5044250135648356,1.5044250135648356
4,Platelet,program_apg_d_2_25,1.8720356518394041,1.8720356518394041
4,Platelet,program_apg_d_2_5,1.877941378161494,1.877941378161494
4,Platelet,program_apg_d_3_0,1.3392521787222607,1.3392521787222607
4,Platelet,program_apg_d_4_0,-0.38847934834694947,0.38847934834694947
4,Platelet,program_apg_d_5_0,-1.452960206400347,1.452960206400347
4,Platelet,program_apg_d_6_0,-1.4363497318325544,1.4363497318325544
4,Platelet,program_apg_integrated_2_6,-0.5923763470230796,0.5923763470230796
5,B cell,shannon,-0.25023485825589487,0.25023485825589487
5,B cell,renyi2,-0.49210298664853824,0.49210298664853824
5,B cell,simpson,3.4127506284953113,3.4127506284953113
5,B cell,hhi,-3.412750628498792,3.412750628498792
5,B cell,participation,0.9369938441160404,0.9369938441160404
5,B cell,gini,1.0749638659390799,1.0749638659390799
5,B cell,detected,-0.48015988608922233,0.48015988608922233
5,B cell,program_shannon,-2.4259944348716806,2.4259944348716806
5,B cell,program_renyi2,-1.0484348947986193,1.0484348947986193
5,B cell,program_simpson,0.7776407535898194,0.7776407535898194
5,B cell,program_hhi,-0.7776474043102162,0.7776474043102162
5,B cell,program_participation,1.1032375673920378,1.1032375673920378
5,B cell,program_gini,-1.1501356221469827,1.1501356221469827
5,B cell,program_detected,0.0,0.0
5,B cell,apg_entropy_norm,-0.8741490202958702,0.8741490202958702
5,B cell,apg_cmax,-0.05801302194102811,0.05801302194102811
5,B cell,apg_c2,1.4337149614462523,1.4337149614462523
5,B cell,apg_neff,2.0975054182993187,2.0975054182993187
5,B cell,apg_pr,1.9007343794928768,1.9007343794928768
5,B cell,apg_d_2_25,-1.0280822310689606,1.0280822310689606
5,B cell,apg_d_2_5,-1.1698273004435031,1.1698273004435031
5,B cell,apg_d_3_0,-1.389134419780701,1.389134419780701
5,B cell,apg_d_4_0,-1.4337149614486704,1.4337149614486704
5,B cell,apg_d_5_0,-0.7964193500926741,0.7964193500926741
5,B cell,apg_d_6_0,0.5685871099011017,0.5685871099011017
5,B cell,apg_integrated_2_6,-1.2136334411188534,1.2136334411188534
5,B cell,program_apg_entropy_norm,-0.6615724352048078,0.6615724352048078
5,B cell,program_apg_cmax,1.244715863575857,1.244715863575857
5,B cell,program_apg_c2,-0.3589432510865091,0.3589432510865091
5,B cell,program_apg_neff,-2.23155409493055,2.23155409493055
5,B cell,program_apg_pr,-0.5469070249686526,0.5469070249686526
5,B cell,program_apg_d_2_25,-0.7133618137206688,0.7133618137206688
5,B cell,program_apg_d_2_5,-0.7362443266472649,0.7362443266472649
5,B cell,program_apg_d_3_0,-0.603690809137462,0.603690809137462
5,B cell,program_apg_d_4_0,0.3589419356503919,0.3589419356503919
5,B cell,program_apg_d_5_0,1.6920372222799112,1.6920372222799112
5,B cell,program_apg_d_6_0,2.9121224824451106,2.9121224824451106
5,B cell,program_apg_integrated_2_6,1.1036911809227299,1.1036911809227299
5,CD14 monocyte,shannon,1.9229789335188472,1.9229789335188472
5,CD14 monocyte,renyi2,1.6239571225671576,1.6239571225671576
5,CD14 monocyte,simpson,-1.8599398491801542,1.8599398491801542
5,CD14 monocyte,hhi,1.8599398491849624,1.8599398491849624
5,CD14 monocyte,participation,-0.0346272846084609,0.0346272846084609
5,CD14 monocyte,gini,0.7486777657386411,0.7486777657386411
5,CD14 monocyte,detected,-0.46920552380834557,0.46920552380834557
5,CD14 monocyte,program_shannon,0.43797905276766946,0.43797905276766946
5,CD14 monocyte,program_renyi2,1.6690116783224567,1.6690116783224567
5,CD14 monocyte,program_simpson,0.02674478990724611,0.02674478990724611
5,CD14 monocyte,program_hhi,-0.026731774383597154,0.026731774383597154
5,CD14 monocyte,program_participation,-0.26440431153308147,0.26440431153308147
5,CD14 monocyte,program_gini,1.1799208996861588,1.1799208996861588
5,CD14 monocyte,program_detected,0.0,0.0
5,CD14 monocyte,apg_entropy_norm,0.867127184755906,0.867127184755906
5,CD14 monocyte,apg_cmax,-1.208010679388527,1.208010679388527
5,CD14 monocyte,apg_c2,1.3834011455485389,1.3834011455485389
5,CD14 monocyte,apg_neff,0.0396529486076915,0.0396529486076915
5,CD14 monocyte,apg_pr,-1.4798355124468534,1.4798355124468534
5,CD14 monocyte,apg_d_2_25,0.4765675465993923,0.4765675465993923
5,CD14 monocyte,apg_d_2_5,0.06121551090129161,0.06121551090129161
5,CD14 monocyte,apg_d_3_0,-0.7180373526988879,0.7180373526988879
5,CD14 monocyte,apg_d_4_0,-1.383401145541688,1.383401145541688
5,CD14 monocyte,apg_d_5_0,-0.2216471681579544,0.2216471681579544
5,CD14 monocyte,apg_d_6_0,2.5636142633101926,2.5636142633101926
5,CD14 monocyte,apg_integrated_2_6,-0.1400703678864787,0.1400703678864787
5,CD14 monocyte,program_apg_entropy_norm,0.49245460506560934,0.49245460506560934
5,CD14 monocyte,program_apg_cmax,0.3161735987719977,0.3161735987719977
5,CD14 monocyte,program_apg_c2,-0.11868678672909849,0.11868678672909849
5,CD14 monocyte,program_apg_neff,0.11235531723358465,0.11235531723358465
5,CD14 monocyte,program_apg_pr,0.8331623259457982,0.8331623259457982
5,CD14 monocyte,program_apg_d_2_25,0.21241336614726974,0.21241336614726974
5,CD14 monocyte,program_apg_d_2_5,0.0529681800207692,0.0529681800207692
5,CD14 monocyte,program_apg_d_3_0,-0.009986543635744964,0.009986543635744964
5,CD14 monocyte,program_apg_d_4_0,0.11868711089645195,0.11868711089645195
5,CD14 monocyte,program_apg_d_5_0,-0.14731602015381753,0.14731602015381753
5,CD14 monocyte,program_apg_d_6_0,-0.9438136259141476,0.9438136259141476
5,CD14 monocyte,program_apg_integrated_2_6,-0.18948816500978496,0.18948816500978496
5,CD4 T,shannon,0.6331647670766479,0.6331647670766479
5,CD4 T,renyi2,0.5621898086509052,0.5621898086509052
5,CD4 T,simpson,1.0259450905539953,1.0259450905539953
5,CD4 T,hhi,-1.0259450905392067,1.0259450905392067
5,CD4 T,participation,-0.0900337167322986,0.0900337167322986
5,CD4 T,gini,0.5782625646155931,0.5782625646155931
5,CD4 T,detected,-0.9212117959049275,0.9212117959049275
5,CD4 T,program_shannon,0.9229091970164714,0.9229091970164714
5,CD4 T,program_renyi2,-0.17356380603722565,0.17356380603722565
5,CD4 T,program_simpson,-0.08905105396334496,0.08905105396334496
5,CD4 T,program_hhi,0.08904511020148972,0.08904511020148972
5,CD4 T,program_participation,0.21234743458757643,0.21234743458757643
5,CD4 T,program_gini,1.5267302039803012,1.5267302039803012
5,CD4 T,program_detected,0.0,0.0
5,CD4 T,apg_entropy_norm,0.34258278623076505,0.34258278623076505
5,CD4 T,apg_cmax,0.04838176970366352,0.04838176970366352
5,CD4 T,apg_c2,0.7694194770023697,0.7694194770023697
5,CD4 T,apg_neff,0.6110099071183597,0.6110099071183597
5,CD4 T,apg_pr,-0.05747921750944709,0.05747921750944709
5,CD4 T,apg_d_2_25,0.21577736588979218,0.21577736588979218
5,CD4 T,apg_d_2_5,0.064043106527146,0.064043106527146
5,CD4 T,apg_d_3_0,-0.26784251886287525,0.26784251886287525
5,CD4 T,apg_d_4_0,-0.7694194770090276,0.7694194770090276
5,CD4 T,apg_d_5_0,-0.6758121201206971,0.6758121201206971
5,CD4 T,apg_d_6_0,0.25773468001455335,0.25773468001455335
5,CD4 T,apg_integrated_2_6,-0.04034528087775028,0.04034528087775028
5,CD4 T,program_apg_entropy_norm,0.47769380920884813,0.47769380920884813
5,CD4 T,program_apg_cmax,3.2341766829758702,3.2341766829758702
5,CD4 T,program_apg_c2,-0.18207196586873675,0.18207196586873675
5,CD4 T,program_apg_neff,0.21718908262994271,0.21718908262994271
5,CD4 T,program_apg_pr,-2.6687076878874247,2.6687076878874247
5,CD4 T,program_apg_d_2_25,0.609895985165246,0.609895985165246
5,CD4 T,program_apg_d_2_5,0.66225424229096,0.66225424229096
5,CD4 T,program_apg_d_3_0,0.586507259127822,0.586507259127822
5,CD4 T,program_apg_d_4_0,0.18207266406791733,0.18207266406791733
5,CD4 T,program_apg_d_5_0,-0.061688402586310316,0.061688402586310316
5,CD4 T,program_apg_d_6_0,-0.007463864589744535,0.007463864589744535
5,CD4 T,program_apg_integrated_2_6,0.14388945718220786,0.14388945718220786
5,CD8 T,shannon,-0.8435129136205441,0.8435129136205441
5,CD8 T,renyi2,-0.4451681174542622,0.4451681174542622
5,CD8 T,simpson,-0.13127519062095136,0.13127519062095136
5,CD8 T,hhi,0.13127519062088855,0.13127519062088855
5,CD8 T,participation,-0.0512869781875541,0.0512869781875541
5,CD8 T,gini,0.2715662707160961,0.2715662707160961
5,CD8 T,detected,-0.612115876043089,0.612115876043089
5,CD8 T,program_shannon,-0.1710515272561096,0.1710515272561096
5,CD8 T,program_renyi2,0.8748674737282682,0.8748674737282682
5,CD8 T,program_simpson,-0.3317900333893687,0.3317900333893687
5,CD8 T,program_hhi,0.33179432354659805,0.33179432354659805
5,CD8 T,program_participation,1.3007579909688225,1.3007579909688225
5,CD8 T,program_gini,0.5292029004531036,0.5292029004531036
5,CD8 T,program_detected,0.0,0.0
5,CD8 T,apg_entropy_norm,0.3248661422391076,0.3248661422391076
5,CD8 T,apg_cmax,0.5413230020661025,0.5413230020661025
5,CD8 T,apg_c2,-0.7952489233274208,0.7952489233274208
5,CD8 T,apg_neff,0.2208306114479893,0.2208306114479893
5,CD8 T,apg_pr,-2.142332774349163,2.142332774349163
5,CD8 T,apg_d_2_25,0.4938316048159748,0.4938316048159748
5,CD8 T,apg_d_2_5,0.6424732386985632,0.6424732386985632
5,CD8 T,apg_d_3_0,0.8491876552355138,0.8491876552355138
5,CD8 T,apg_d_4_0,0.7952489233179532,0.7952489233179532
5,CD8 T,apg_d_5_0,0.19759079400305843,0.19759079400305843
5,CD8 T,apg_d_6_0,-0.5228827172522212,0.5228827172522212
5,CD8 T,apg_integrated_2_6,0.6745499931049472,0.6745499931049472
5,CD8 T,program_apg_entropy_norm,1.2647501324713788,1.2647501324713788
5,CD8 T,program_apg_cmax,0.12329268033613354,0.12329268033613354
5,CD8 T,program_apg_c2,0.10724748512482912,0.10724748512482912
5,CD8 T,program_apg_neff,-0.4755044048930417,0.4755044048930417
5,CD8 T,program_apg_pr,-2.7093235775025124,2.7093235775025124
5,CD8 T,program_apg_d_2_25,1.1052129594256432,1.1052129594256432
5,CD8 T,program_apg_d_2_5,0.9147297787468102,0.9147297787468102
5,CD8 T,program_apg_d_3_0,0.5189468134549542,0.5189468134549542
5,CD8 T,program_apg_d_4_0,-0.10724874737940648,0.10724874737940648
5,CD8 T,program_apg_d_5_0,-0.4939652673014162,0.4939652673014162
5,CD8 T,program_apg_d_6_0,-0.7686616377432884,0.7686616377432884
5,CD8 T,program_apg_integrated_2_6,-0.22073094402452548,0.22073094402452548
5,Dendritic,shannon,0.7858898807821323,0.7858898807821323
5,Dendritic,renyi2,0.28150254157824617,0.28150254157824617
5,Dendritic,simpson,-1.9718364644348259,1.9718364644348259
5,Dendritic,hhi,1.9718364644370243,1.9718364644370243
5,Dendritic,participation,-0.036791636251164925,0.036791636251164925
5,Dendritic,gini,0.15449838399875837,0.15449838399875837
5,Dendritic,detected,3.011631509487472,3.011631509487472
5,Dendritic,program_shannon,1.962961238926401,1.962961238926401
5,Dendritic,program_renyi2,-0.5664944183637728,0.5664944183637728
5,Dendritic,program_simpson,-0.4200188589843539,0.4200188589843539
5,Dendritic,program_hhi,0.42001969012617324,0.42001969012617324
5,Dendritic,program_participation,-2.0738333850641935,2.0738333850641935
5,Dendritic,program_gini,0.4966459608550115,0.4966459608550115
5,Dendritic,program_detected,0.0,0.0
5,Dendritic,apg_entropy_norm,-0.3939699448577978,0.3939699448577978
5,Dendritic,apg_cmax,-0.44734111724590087,0.44734111724590087
5,Dendritic,apg_c2,-1.6592979099323166,1.6592979099323166
5,Dendritic,apg_neff,-2.8962661893156247,2.8962661893156247
5,Dendritic,apg_pr,-0.17958420685649604,0.17958420685649604
5,Dendritic,apg_d_2_25,-0.31392306428591493,0.31392306428591493
5,Dendritic,apg_d_2_5,-0.13223908784226074,0.13223908784226074
5,Dendritic,apg_d_3_0,0.4432290374275244,0.4432290374275244
5,Dendritic,apg_d_4_0,1.6592979099252954,1.6592979099252954
5,Dendritic,apg_d_5_0,1.509394927695365,1.509394927695365
5,Dendritic,apg_d_6_0,-1.2080591232612774,1.2080591232612774
5,Dendritic,apg_integrated_2_6,0.0868238754455066,0.0868238754455066
5,Dendritic,program_apg_entropy_norm,0.17961037852943995,0.17961037852943995
5,Dendritic,program_apg_cmax,4.888680748695603,4.888680748695603
5,Dendritic,program_apg_c2,-1.1523193149150095,1.1523193149150095
5,Dendritic,program_apg_neff,1.2138724241805117,1.2138724241805117
5,Dendritic,program_apg_pr,0.5867277513616378,0.5867277513616378
5,Dendritic,program_apg_d_2_25,0.75702838730383,0.75702838730383
5,Dendritic,program_apg_d_2_5,1.2102352267543945,1.2102352267543945
5,Dendritic,program_apg_d_3_0,1.671280546175553,1.671280546175553
5,Dendritic,program_apg_d_4_0,1.1523202100823178,1.1523202100823178
5,Dendritic,program_apg_d_5_0,-0.29593416422622826,0.29593416422622826
5,Dendritic,program_apg_d_6_0,-1.9311751140839943,1.9311751140839943
5,Dendritic,program_apg_integrated_2_6,0.1511252337101694,0.1511252337101694
5,FCGR3A monocyte,shannon,0.4926598727980829,0.4926598727980829
5,FCGR3A monocyte,renyi2,0.16083729989530238,0.16083729989530238
5,FCGR3A monocyte,simpson,1.073232608623882,1.073232608623882
5,FCGR3A monocyte,hhi,-1.0732326086185033,1.0732326086185033
5,FCGR3A monocyte,participation,0.5426304297295831,0.5426304297295831
5,FCGR3A monocyte,gini,3.643778642543116,3.643778642543116
5,FCGR3A monocyte,detected,-0.4365663021515297,0.4365663021515297
5,FCGR3A monocyte,program_shannon,1.4811681933761414,1.4811681933761414
5,FCGR3A monocyte,program_renyi2,0.6955701240545825,0.6955701240545825
5,FCGR3A monocyte,program_simpson,-0.3780534348100403,0.3780534348100403
5,FCGR3A monocyte,program_hhi,0.378065385269892,0.378065385269892
5,FCGR3A monocyte,program_participation,-0.1318700843698694,0.1318700843698694
5,FCGR3A monocyte,program_gini,0.9925576277572512,0.9925576277572512
5,FCGR3A monocyte,program_detected,0.0,0.0
5,FCGR3A monocyte,apg_entropy_norm,-0.23102408878090003,0.23102408878090003
5,FCGR3A monocyte,apg_cmax,0.37424081517956737,0.37424081517956737
5,FCGR3A monocyte,apg_c2,0.9075421563073559,0.9075421563073559
5,FCGR3A monocyte,apg_neff,2.08874217415485,2.08874217415485
5,FCGR3A monocyte,apg_pr,3.5864994942501798,3.5864994942501798
5,FCGR3A monocyte,apg_d_2_25,-0.436755604620847,0.436755604620847
5,FCGR3A monocyte,apg_d_2_5,-0.6218056710308166,0.6218056710308166
5,FCGR3A monocyte,apg_d_3_0,-0.8888469722908756,0.8888469722908756
5,FCGR3A monocyte,apg_d_4_0,-0.9075421563103272,0.9075421563103272
5,FCGR3A monocyte,apg_d_5_0,-0.3143779759397642,0.3143779759397642
5,FCGR3A monocyte,apg_d_6_0,0.7078967791183193,0.7078967791183193
5,FCGR3A monocyte,apg_integrated_2_6,-0.6696671277696139,0.6696671277696139
5,FCGR3A monocyte,program_apg_entropy_norm,-0.03646002572067261,0.03646002572067261
5,FCGR3A monocyte,program_apg_cmax,3.51367102497292,3.51367102497292
5,FCGR3A monocyte,program_apg_c2,-0.3278807937080583,0.3278807937080583
5,FCGR3A monocyte,program_apg_neff,-0.9244411715832913,0.9244411715832913
5,FCGR3A monocyte,program_apg_pr,3.265258092238693,3.265258092238693
5,FCGR3A monocyte,program_apg_d_2_25,0.2613184879851507,0.2613184879851507
5,FCGR3A monocyte,program_apg_d_2_5,0.49606128520654086,0.49606128520654086
5,FCGR3A monocyte,program_apg_d_3_0,0.7073772813424763,0.7073772813424763
5,FCGR3A monocyte,program_apg_d_4_0,0.327875413434805,0.327875413434805
5,FCGR3A monocyte,program_apg_d_5_0,-0.42464542998581356,0.42464542998581356
5,FCGR3A monocyte,program_apg_d_6_0,-1.0365287901117126,1.0365287901117126
5,FCGR3A monocyte,program_apg_integrated_2_6,-0.12623695482738095,0.12623695482738095
5,NK,shannon,-1.5594824224596866,1.5594824224596866
5,NK,renyi2,-0.8468585386477637,0.8468585386477637
5,NK,simpson,-1.4910575363868976,1.4910575363868976
5,NK,hhi,1.4910575363964884,1.4910575363964884
5,NK,participation,-0.6507003784288736,0.6507003784288736
5,NK,gini,-2.5690305788016867,2.5690305788016867
5,NK,detected,-1.4977117076536426,1.4977117076536426
5,NK,program_shannon,2.6250078798045866,2.6250078798045866
5,NK,program_renyi2,1.1950759512342153,1.1950759512342153
5,NK,program_simpson,0.25262943266107024,0.25262943266107024
5,NK,program_hhi,-0.25262489519139736,0.25262489519139736
5,NK,program_participation,1.9525278516280467,1.9525278516280467
5,NK,program_gini,2.298146608371405,2.298146608371405
5,NK,program_detected,0.0,0.0
5,NK,apg_entropy_norm,0.38255322679867854,0.38255322679867854
5,NK,apg_cmax,0.9931264194990365,0.9931264194990365
5,NK,apg_c2,-1.6023237919082018,1.6023237919082018
5,NK,apg_neff,-0.41675670449503827,0.41675670449503827
5,NK,apg_pr,-1.5810879469487726,1.5810879469487726
5,NK,apg_d_2_25,0.6505268986926216,0.6505268986926216
5,NK,apg_d_2_5,0.9023467034639949,0.9023467034639949
5,NK,apg_d_3_0,1.3215822858997202,1.3215822858997202
5,NK,apg_d_4_0,1.602323791908329,1.602323791908329
5,NK,apg_d_5_0,0.9176263529660048,0.9176263529660048
5,NK,apg_d_6_0,-0.5994827563073719,0.5994827563073719
5,NK,apg_integrated_2_6,1.0006469328968757,1.0006469328968757
5,NK,program_apg_entropy_norm,-1.265496367296666,1.265496367296666
5,NK,program_apg_cmax,-1.6468686993108772,1.6468686993108772
5,NK,program_apg_c2,-0.836025718537413,0.836025718537413
5,NK,program_apg_neff,-2.4184634587783407,2.4184634587783407
5,NK,program_apg_pr,-2.107283159836123,2.107283159836123
5,NK,program_apg_d_2_25,-1.2666767555481955,1.2666767555481955
5,NK,program_apg_d_2_5,-1.0957468786593147,1.0957468786593147
5,NK,program_apg_d_3_0,-0.4835933923432469,0.4835933923432469
5,NK,program_apg_d_4_0,0.836025320111528,0.836025320111528
5,NK,program_apg_d_5_0,1.6630148912145897,1.6630148912145897
5,NK,program_apg_d_6_0,2.0319964008034286,2.0319964008034286
5,NK,program_apg_integrated_2_6,1.0590535470069877,1.0590535470069877
5,Platelet,shannon,-0.916738911293049,0.916738911293049
5,Platelet,renyi2,-0.4097748372323026,0.4097748372323026
5,Platelet,simpson,0.4332181684841201,0.4332181684841201
5,Platelet,hhi,-0.4332181684812718,0.4332181684812718
5,Platelet,participation,-0.5054932325825251,0.5054932325825251
5,Platelet,gini,-0.828311631666704,0.828311631666704
5,Platelet,detected,-1.1273657422755277,1.1273657422755277
5,Platelet,program_shannon,-0.939036336184825,0.939036336184825
5,Platelet,program_renyi2,0.29085477523215647,0.29085477523215647
5,Platelet,program_simpson,0.1391803805599061,0.1391803805599061
5,Platelet,program_hhi,-0.13918676004254002,0.13918676004254002
5,Platelet,program_participation,-3.198641672206855,3.198641672206855
5,Platelet,program_gini,-1.673986905204118,1.673986905204118
5,Platelet,program_detected,0.0,0.0
5,Platelet,apg_entropy_norm,0.44500810244267036,0.44500810244267036
5,Platelet,apg_cmax,0.34566289790166416,0.34566289790166416
5,Platelet,apg_c2,-0.5784583120847123,0.5784583120847123
5,Platelet,apg_neff,0.1402545634852076,0.1402545634852076
5,Platelet,apg_pr,-0.6967172953789237,0.6967172953789237
5,Platelet,apg_d_2_25,0.6627851924330889,0.6627851924330889
5,Platelet,apg_d_2_5,0.8268037595644744,0.8268037595644744
5,Platelet,apg_d_3_0,0.9767419997059864,0.9767419997059864
5,Platelet,apg_d_4_0,0.5784583120860235,0.5784583120860235
5,Platelet,apg_d_5_0,-0.5759054099130445,0.5759054099130445
5,Platelet,apg_d_6_0,-2.2250447623088543,2.2250447623088543
5,Platelet,apg_integrated_2_6,0.8155346414705362,0.8155346414705362
5,Platelet,program_apg_entropy_norm,1.6881667556801234,1.6881667556801234
5,Platelet,program_apg_cmax,2.4199198118074587,2.4199198118074587
5,Platelet,program_apg_c2,0.15798169762459624,0.15798169762459624
5,Platelet,program_apg_neff,-1.9478394973560744,1.9478394973560744
5,Platelet,program_apg_pr,1.7142027124231816,1.7142027124231816
5,Platelet,program_apg_d_2_25,1.9716514781958903,1.9716514781958903
5,Platelet,program_apg_d_2_5,2.0005984567906063,2.0005984567906063
5,Platelet,program_apg_d_3_0,1.523104809995257,1.523104809995257
5,Platelet,program_apg_d_4_0,-0.15798196741858234,0.15798196741858234
5,Platelet,program_apg_d_5_0,-1.3694678247604828,1.3694678247604828
5,Platelet,program_apg_d_6_0,-1.6679375078171401,1.6679375078171401
5,Platelet,program_apg_integrated_2_6,-0.5107057016205827,0.5107057016205827
